,date,v
1,2014-08-01,0.01803903091703063
2,2014-08-02,-0.009304895765770205
3,2014-08-03,-0.004327359266859787
4,2014-08-04,0.0005649824175071316
5,2014-08-05,-0.00693262304120168
6,2014-08-06,0.001827173603031973
7,2014-08-07,0.006258898692641068
8,2014-08-08,0.006302877858789913
9,2014-08-09,-0.005605221179508568
10,2014-08-10,1.87186719644572e-05
11,2014-08-11,-0.02609257824669342
12,2014-08-12,-0.010684952884081333
13,2014-08-13,-0.04212245434937589
14,2014-08-14,-0.07553459017876651
15,2014-08-15,-0.02258416366392968
16,2014-08-16,0.05478955974012045
17,2014-08-17,-0.05123612514380316
18,2014-08-18,-0.07354880864979574
19,2014-08-19,0.05316877012772547
20,2014-08-20,0.059739654382341634
21,2014-08-21,0.002038636255689674
22,2014-08-22,0.00029311344897209324
23,2014-08-23,-0.03822355842873826
24,2014-08-24,0.023135997839999867
25,2014-08-25,-0.015718063346158218
26,2014-08-26,0.01989315455486551
27,2014-08-27,-0.0005330660849569568
28,2014-08-28,-0.007191042035722184
29,2014-08-29,0.0025759229956978658
30,2014-08-30,-0.012633302805629576
31,2014-08-31,-0.04376581041364247
32,2014-09-01,-0.008117669823667129
33,2014-09-02,-0.004027545267475396
34,2014-09-03,0.0008314140872078823
35,2014-09-04,0.030542571624847525
36,2014-09-05,-0.017646501345232934
37,2014-09-06,0.004810695546435539
38,2014-09-07,-0.00412203675834899
39,2014-09-08,-0.01955852649183587
40,2014-09-09,0.0016262877193513603
41,2014-09-10,0.011441898361717051
42,2014-09-11,-0.001010485870505562
43,2014-09-12,-0.0054978970456689424
44,2014-09-13,0.0055285268769065254
45,2014-09-14,0.00017000059416361069
46,2014-09-15,-0.004275370259009037
47,2014-09-16,-0.020875898448874608
48,2014-09-17,-0.0140476116123196
49,2014-09-18,-0.06866987485490306
50,2014-09-19,-0.07505698374165348
51,2014-09-20,0.03760429769425322
52,2014-09-21,-0.03033286508102684
53,2014-09-22,0.005157971902304936
54,2014-09-23,0.08091810597681093
55,2014-09-24,-0.028215455994170746
56,2014-09-25,-0.029672674941220833
57,2014-09-26,-0.0113522192759401
58,2014-09-27,-0.012519081684143174
59,2014-09-28,-0.05196969218135017
60,2014-09-29,-0.010875616674961286
61,2014-09-30,0.03612372927011531
62,2014-10-01,-0.016168226174319678
63,2014-10-02,-0.023303284949984793
64,2014-10-03,-0.040648779124826895
65,2014-10-04,-0.08036607976311405
66,2014-10-05,-0.009462726652798459
67,2014-10-06,0.010151926223030294
68,2014-10-07,0.008780924727182615
69,2014-10-08,0.060098548728447554
70,2014-10-09,0.013596075284187492
71,2014-10-10,-0.0030198507042200617
72,2014-10-11,0.005047319308808085
73,2014-10-12,0.03867508590531532
74,2014-10-13,0.03188053401405622
75,2014-10-14,0.028027665227821963
76,2014-10-15,-0.015869415613646964
77,2014-10-16,-0.03235453840863567
78,2014-10-17,0.0021500345448783875
79,2014-10-18,0.022272034271908048
80,2014-10-19,-0.006196548331677043
81,2014-10-20,-0.01795739151596898
82,2014-10-21,0.008795420983416236
83,2014-10-22,-0.006887553192021834
84,2014-10-23,-0.06226172889006687
85,2014-10-24,-0.0048580271226290606
86,2014-10-25,-0.022471553486845153
87,2014-10-26,0.007562579589214025
88,2014-10-27,-0.003114210244361537
89,2014-10-28,0.008096463097626128
90,2014-10-29,-0.05250555862788531
91,2014-10-30,0.02941334043328947
92,2014-10-31,-0.020815787565815036
93,2014-11-01,-0.03938911350456298
94,2014-11-02,0.0011456389024129265
95,2014-11-03,0.0013158091262308602
96,2014-11-04,0.01192208953477003
97,2014-11-05,0.02900816450788124
98,2014-11-06,0.02827580529068907
99,2014-11-07,-0.018593783205008485
100,2014-11-08,0.009928023830758193
101,2014-11-09,0.052649378438925254
102,2014-11-10,-1.2656552469181293e-05
103,2014-11-11,0.006000619871461943
104,2014-11-12,0.13081699023536775
105,2014-11-13,-0.009522357273841209
106,2014-11-14,-0.04643452571940543
107,2014-11-15,-0.04544739762943539
108,2014-11-16,0.026761518700039844
109,2014-11-17,-0.006815062502939284
110,2014-11-18,-0.025992326514612252
111,2014-11-19,0.006094001545025485
112,2014-11-20,-0.05418522726617958
113,2014-11-21,-0.01179912039238129
114,2014-11-22,0.011641291280143129
115,2014-11-23,0.04637311382916742
116,2014-11-24,0.027079055492319704
117,2014-11-25,-0.00031501259785660096
118,2014-11-26,-0.0176920174223687
119,2014-11-27,0.022545759588513015
120,2014-11-28,0.027120421589121868
121,2014-11-29,-0.009325220833854786
122,2014-11-30,-0.011583032200679355
123,2014-12-01,0.015120123493200133
124,2014-12-02,0.008494916012486087
125,2014-12-03,-0.016982141669184436
126,2014-12-04,-0.013661030440006883
127,2014-12-05,0.0226702396269447
128,2014-12-06,-0.002994052816696069
129,2014-12-07,0.00409938911141694
130,2014-12-08,-0.04129334862831957
131,2014-12-09,-0.01846710831620868
132,2014-12-10,-0.005469305244342415
133,2014-12-11,0.003411805362048881
134,2014-12-12,0.012537930607660286
135,2014-12-13,-0.007400138490126551
136,2014-12-14,0.007909034283721361
137,2014-12-15,-0.00921489296332112
138,2014-12-16,-0.02284077724682021
139,2014-12-17,-0.001075004414246905
140,2014-12-18,-0.009565633426854347
141,2014-12-19,-0.004639795403313052
142,2014-12-20,0.025430890430314435
143,2014-12-21,-0.024403789759102956
144,2014-12-22,0.044938067575852614
145,2014-12-23,0.0010894023302414624
146,2014-12-24,-0.03437559023460235
147,2014-12-25,-0.005443038817992907
148,2014-12-26,0.03238165795951442
149,2014-12-27,-0.042308969601574375
150,2014-12-28,0.0027507927662497877
151,2014-12-29,-0.007135629041815861
152,2014-12-30,-0.007489971643654947
153,2014-12-31,0.020922792874400464
154,2015-01-01,-0.008668337849684349
155,2015-01-02,0.0013002702101001518
156,2015-01-03,-0.09215934936961645
157,2015-01-04,-0.10441533408496895
158,2015-01-05,0.05039391635763302
159,2015-01-06,0.03988324006639221
160,2015-01-07,0.03239474304022849
161,2015-01-08,-0.03466525063479775
162,2015-01-09,0.014401829567454172
163,2015-01-10,-0.05507323349526416
164,2015-01-11,-0.026785182036571875
165,2015-01-12,0.0014294428431487205
166,2015-01-13,-0.18877684927904514
167,2015-01-14,-0.22638313016069667
168,2015-01-15,0.19315863190587024
169,2015-01-16,-0.021480983127002418
170,2015-01-17,-0.03578783501840288
171,2015-01-18,0.04210654742619724
172,2015-01-19,0.02529005037555354
173,2015-01-20,-0.015127659919003555
174,2015-01-21,0.05787053361349059
175,2015-01-22,0.03223032802128589
176,2015-01-23,0.0011709479828114766
177,2015-01-24,0.05426345944731281
178,2015-01-25,0.01804042750956736
179,2015-01-26,0.05146077730616305
180,2015-01-27,-0.04114050469342079
181,2015-01-28,-0.0065375447814899346
182,2015-01-29,-0.09749485048359752
183,2015-01-30,-0.01615589595848199
184,2015-01-31,-0.041621558529163494
185,2015-02-01,0.029824694215670355
186,2015-02-02,0.04537005006037109
187,2015-02-03,-0.058523338561544236
188,2015-02-04,0.0005702698674099338
189,2015-02-05,-0.024457099043382335
190,2015-02-06,0.029686763630344615
191,2015-02-07,0.011977286154292166
192,2015-02-08,-0.018100843747197004
193,2015-02-09,-0.015258470509587063
194,2015-02-10,-0.0011039856558969774
195,2015-02-11,-0.00561822514056054
196,2015-02-12,0.013980353152296843
197,2015-02-13,0.05604277329585727
198,2015-02-14,0.08582859355256556
199,2015-02-15,-0.10453710784272197
200,2015-02-16,0.01192169668396037
201,2015-02-17,0.02587189919039634
202,2015-02-18,-0.03116136599457331
203,2015-02-19,0.021155926625946897
204,2015-02-20,0.011291777892076027
205,2015-02-21,-0.001696543996806632
206,2015-02-22,-0.03250588611544192
207,2015-02-23,0.011655903411457835
208,2015-02-24,0.0034355540563106857
209,2015-02-25,-0.004247951231339364
210,2015-02-26,-0.005398713701664448
211,2015-02-27,0.065009019955097
212,2015-02-28,-0.004396992805005162
213,2015-03-01,0.008161441863519414
214,2015-03-02,0.04066200049896018
215,2015-03-03,0.02286039428043285
216,2015-03-04,-0.030270150434986043
217,2015-03-05,0.01816143260989822
218,2015-03-06,-0.013085578064047532
219,2015-03-07,0.008644175362468864
220,2015-03-08,-0.004811474215171252
221,2015-03-09,0.04975708063542683
222,2015-03-10,-0.002203366462090628
223,2015-03-11,0.0178549104114607
224,2015-03-12,-0.00458419731519033
225,2015-03-13,-0.017538025064117058
226,2015-03-14,-0.016846197594555967
227,2015-03-15,0.010208547524815259
228,2015-03-16,0.016489560921958635
229,2015-03-17,-0.018601734953165305
230,2015-03-18,-0.09999510970013059
231,2015-03-19,0.015345129324045637
232,2015-03-20,0.0030890898076432194
233,2015-03-21,-0.0061605368222021895
234,2015-03-22,0.02882011565826037
235,2015-03-23,-0.005149495030696727
236,2015-03-24,-0.07842595496390992
237,2015-03-25,-0.0015267255404225466
238,2015-03-26,0.001593060902611576
239,2015-03-27,-0.00026493758772261344
240,2015-03-28,0.017664314152249894
241,2015-03-29,-0.0379780973567696
242,2015-03-30,0.016916504282052713
243,2015-03-31,-0.013091967486450251
244,2015-04-01,0.0025875015918881417
245,2015-04-02,0.023620638695828866
246,2015-04-03,0.011191185309128215
247,2015-04-04,-0.0003469568200467066
248,2015-04-05,0.02154860627599131
249,2015-04-06,-0.014860438900796247
250,2015-04-07,-0.006241578558555894
251,2015-04-08,-0.03192722511061685
252,2015-04-09,-0.007217283414021836
253,2015-04-10,-0.03774390154219365
254,2015-04-11,0.006974638670603106
255,2015-04-12,-0.0009768942978372053
256,2015-04-13,-0.050482018616222035
257,2015-04-14,-0.0257775672233711
258,2015-04-15,0.018689211998392352
259,2015-04-16,0.021821942251240678
260,2015-04-17,-0.02311794130358269
261,2015-04-18,0.0006267806762076944
262,2015-04-19,-0.0021872867818020225
263,2015-04-20,0.007848099794570018
264,2015-04-21,0.04227339558417764
265,2015-04-22,-0.0024095679235225376
266,2015-04-23,0.005870975767191311
267,2015-04-24,-0.016740677648431124
268,2015-04-25,-0.020482670513241708
269,2015-04-26,-0.03436794210973915
270,2015-04-27,0.041742673882390946
271,2015-04-28,-0.01368347782021928
272,2015-04-29,0.003377019383576929
273,2015-04-30,0.04243741490308928
274,2015-05-01,-0.014076757837989895
275,2015-05-02,0.009526922567465235
276,2015-05-03,0.017522618364658626
277,2015-05-04,-0.003734058482660174
278,2015-05-05,-0.012660604991626911
279,2015-05-06,-0.02496985611117708
280,2015-05-07,0.02489698636832749
281,2015-05-08,0.026658824802862746
282,2015-05-09,-0.008233701926969594
283,2015-05-10,-0.009632570310333932
284,2015-05-11,0.008869281285300623
285,2015-05-12,-0.0011817214809513032
286,2015-05-13,-0.026097602320979796
287,2015-05-14,0.002823779227274059
288,2015-05-15,0.002038132709239804
289,2015-05-16,-0.0036378346583116894
290,2015-05-17,-0.0032410475802633343
291,2015-05-18,-0.019471714837372645
292,2015-05-19,0.006510887138103882
293,2015-05-20,0.010011452128849463
294,2015-05-21,0.005051486956300977
295,2015-05-22,0.023301148753947842
296,2015-05-23,-0.005501523769299688
297,2015-05-24,0.009096951638689177
298,2015-05-25,-0.014057760014078546
299,2015-05-26,-0.000430342363311631
300,2015-05-27,0.000813617849474646
301,2015-05-28,0.01021442178062415
302,2015-05-29,0.0086286048922668
303,2015-05-30,-0.021139162610836593
304,2015-05-31,-0.016056008652751252
305,2015-06-01,-0.03205727102750622
306,2015-06-02,0.012442593737005403
307,2015-06-03,-0.00016306570158075573
308,2015-06-04,-0.00620987492159486
309,2015-06-05,0.004711383570742633
310,2015-06-06,0.0010523395063595231
311,2015-06-07,-0.007798287756550337
312,2015-06-08,0.02282143659917324
313,2015-06-09,0.0031113445813666374
314,2015-06-10,-0.002172178248610379
315,2015-06-11,0.0033355534219952077
316,2015-06-12,0.0018942314899890178
317,2015-06-13,0.009603077434479523
318,2015-06-14,0.004670180148125702
319,2015-06-15,0.0174887412401441
320,2015-06-16,0.05716333078854774
321,2015-06-17,-0.008058370765668066
322,2015-06-18,0.010212068289907172
323,2015-06-19,-0.012566355559334497
324,2015-06-20,0.006902169461462826
325,2015-06-21,-0.01071958365957748
326,2015-06-22,0.01330184591465855
327,2015-06-23,-0.012019133417401129
328,2015-06-24,-0.01095256988640525
329,2015-06-25,0.007980664110167623
330,2015-06-26,0.001592802622844225
331,2015-06-27,0.033255883922238993
332,2015-06-28,-0.010350170299029848
333,2015-06-29,0.03358737827863223
334,2015-06-30,0.01646098180310407
335,2015-07-01,-0.019125408067647953
336,2015-07-02,-0.011007767538156799
337,2015-07-03,0.003009741405844757
338,2015-07-04,0.015321274333117252
339,2015-07-05,0.030655553116378798
340,2015-07-06,-0.009587197518926338
341,2015-07-07,-0.01275509144934528
342,2015-07-08,0.013055849786651308
343,2015-07-09,-0.0025964339352091415
344,2015-07-10,0.0504415153231621
345,2015-07-11,0.018594769145535928
346,2015-07-12,0.05738141003452757
347,2015-07-13,-0.06057392279530216
348,2015-07-14,-0.01235502108777986
349,2015-07-15,-0.01054284316491394
350,2015-07-16,-0.02734727731140385
351,2015-07-17,0.004567467850388418
352,2015-07-18,-0.011808798427502154
353,2015-07-19,-0.005879411312733396
354,2015-07-20,0.01315086081300798
355,2015-07-21,-0.009384835252673085
356,2015-07-22,0.0034509792843540055
357,2015-07-23,-0.0020144290348005356
358,2015-07-24,0.043909894035928154
359,2015-07-25,0.0010847814676075984
360,2015-07-26,0.012234175543918369
361,2015-07-27,0.0056085947549986415
362,2015-07-28,0.004336989328293406
363,2015-07-29,-0.017103942174850673
364,2015-07-30,-0.005580136459855112
365,2015-07-31,-0.010965850253364273
366,2015-08-01,-0.012049549224710354
367,2015-08-02,0.0031360516597915833
368,2015-08-03,0.0007343642389372462
369,2015-08-04,0.007520334368384063
370,2015-08-05,-0.009173928116225305
371,2015-08-06,-0.012657539302057152
372,2015-08-07,0.0022885648146973026
373,2015-08-08,-0.0623175972776524
374,2015-08-09,0.017959496333983083
375,2015-08-10,-0.004045706288282602
376,2015-08-11,0.020889990038092776
377,2015-08-12,-0.009548162744541955
378,2015-08-13,-0.015778070108393827
379,2015-08-14,0.006910679008268694
380,2015-08-15,-0.0157929105911343
381,2015-08-16,-0.011598918485394627
382,2015-08-17,-0.003166516499194749
383,2015-08-18,-0.015890955427734
384,2015-08-19,-0.10957298433332774
385,2015-08-20,0.03678716171915308
386,2015-08-21,-0.009095508731956414
387,2015-08-22,-0.01419874501246543
388,2015-08-23,-0.009375674938592482
389,2015-08-24,-0.07510370593361149
390,2015-08-25,0.04582875896972638
391,2015-08-26,0.020000232269725693
392,2015-08-27,-0.008955425746360213
393,2015-08-28,0.03436635321688186
394,2015-08-29,-0.009854267694816343
395,2015-08-30,0.0011664381514036037
396,2015-08-31,0.0067591976714140856
397,2015-09-01,-0.012705276753946393
398,2015-09-02,0.004767310556287541
399,2015-09-03,-0.01119377822679013
400,2015-09-04,0.01347243691588762
401,2015-09-05,0.024764724991114484
402,2015-09-06,0.01726787677278452
403,2015-09-07,0.005570631107936208
404,2015-09-08,0.01026278106460321
405,2015-09-09,-0.02271758668995716
406,2015-09-10,0.002930645617588823
407,2015-09-11,0.010884028187198247
408,2015-09-12,-0.02188612170277171
409,2015-09-13,-0.01514562005816078
410,2015-09-14,-0.010939112608055801
411,2015-09-15,0.001635687761423199
412,2015-09-16,-0.008194570545588142
413,2015-09-17,0.017217457725643648
414,2015-09-18,0.0002361516984734635
415,2015-09-19,-0.0049546867023329
416,2015-09-20,-0.0005263101937673653
417,2015-09-21,-0.020755066771595665
418,2015-09-22,0.01277907417134383
419,2015-09-23,-0.004599446145249431
420,2015-09-24,0.01599207122595203
421,2015-09-25,0.0035165928137663727
422,2015-09-26,-0.0028857371015451605
423,2015-09-27,-0.00638876818958245
424,2015-09-28,0.023321005403110107
425,2015-09-29,-0.014704534332373065
426,2015-09-30,-0.005465821817129957
427,2015-10-01,0.004799553307788251
428,2015-10-02,0.0007708728335105164
429,2015-10-03,0.0040851872345344376
430,2015-10-04,-0.004395303108033488
431,2015-10-05,0.003794781149026427
432,2015-10-06,0.02653823887866391
433,2015-10-07,-0.011878308769278867
434,2015-10-08,-0.0011583509034762685
435,2015-10-09,0.006054799247912079
436,2015-10-10,0.0005671415020893633
437,2015-10-11,0.0085651076891482
438,2015-10-12,-0.00772330640233676
439,2015-10-13,0.013813267704736454
440,2015-10-14,0.012681521002535057
441,2015-10-15,0.007129947960756944
442,2015-10-16,0.027192489293640598
443,2015-10-17,0.02637876411346074
444,2015-10-18,-0.0307892121231097
445,2015-10-19,0.006746074635628041
446,2015-10-20,0.017792199747322712
447,2015-10-21,-0.011713170613045776
448,2015-10-22,0.025041351498517272
449,2015-10-23,0.01211123311899609
450,2015-10-24,0.018448458226763442
451,2015-10-25,0.006714059787249482
452,2015-10-26,0.004292329259083516
453,2015-10-27,0.032149680597757246
454,2015-10-28,0.030573490615502408
455,2015-10-29,0.03442922815571059
456,2015-10-30,0.03455017560676854
457,2015-10-31,-0.043711509288378636
458,2015-11-01,0.04204551414578894
459,2015-11-02,0.07206787525679825
460,2015-11-03,0.1212785508455605
461,2015-11-04,0.009655434343224023
462,2015-11-05,-0.042970573014113
463,2015-11-06,-0.036090255885798506
464,2015-11-07,0.036751063739369094
465,2015-11-08,-0.03852098484771549
466,2015-11-09,0.022363025201461717
467,2015-11-10,-0.11836192174873261
468,2015-11-11,-0.09405573395188238
469,2015-11-12,0.09848077362425389
470,2015-11-13,-0.0013476587270107032
471,2015-11-14,-0.018115662178677994
472,2015-11-15,-0.03345968343516681
473,2015-11-16,0.03234040878139943
474,2015-11-17,0.012467937410531427
475,2015-11-18,0.0010720804182211552
476,2015-11-19,-0.029500862686662188
477,2015-11-20,-0.013561217616832266
478,2015-11-21,0.011780517120403289
479,2015-11-22,-0.005404748419777228
480,2015-11-23,-0.0016696437073147052
481,2015-11-24,-0.009290578244601555
482,2015-11-25,0.024501624512582865
483,2015-11-26,0.07771864709564191
484,2015-11-27,0.007071631039615944
485,2015-11-28,-0.0071698408626756915
486,2015-11-29,0.03947350486366563
487,2015-11-30,0.01650907295154358
488,2015-12-01,-0.03909972117585525
489,2015-12-02,-0.012628870746145715
490,2015-12-03,0.006549960543212663
491,2015-12-04,0.00826848255980206
492,2015-12-05,0.0732830007336629
493,2015-12-06,0.008170278589802571
494,2015-12-07,0.0012931829081264112
495,2015-12-08,0.050683987236149086
496,2015-12-09,0.01894682455870811
497,2015-12-10,-0.0003980538568795211
498,2015-12-11,0.07730533596266298
499,2015-12-12,-0.036721091189735766
500,2015-12-13,0.0033346622732111086
501,2015-12-14,0.011283857203353342
502,2015-12-15,0.040234932280136526
503,2015-12-16,-0.02315169624051805
504,2015-12-17,0.004754517657008961
505,2015-12-18,0.013491987047080656
506,2015-12-19,-0.00432114141791029
507,2015-12-20,-0.0446561386968396
508,2015-12-21,-0.007177457633228634
509,2015-12-22,-0.0041170904844074485
510,2015-12-23,0.01370260447761229
511,2015-12-24,0.025461996718289193
512,2015-12-25,0.0045721413360020335
513,2015-12-26,-0.08634045484020092
514,2015-12-27,0.01673014297145592
515,2015-12-28,-0.0074159037766348135
516,2015-12-29,0.0254279801832622
517,2015-12-30,-0.011380583911472897
518,2015-12-31,0.0091961301079726
519,2016-01-01,0.006268748297816096
520,2016-01-02,0.0006428088143302091
521,2016-01-03,-0.009010366896823108
522,2016-01-04,0.007330951096686356
523,2016-01-05,-0.002597083688866242
524,2016-01-06,-0.0011884527376500031
525,2016-01-07,0.05355098376676892
526,2016-01-08,-0.004076618997256531
527,2016-01-09,-0.010978879613967152
528,2016-01-10,-0.003914953883654704
529,2016-01-11,0.0025309550706440476
530,2016-01-12,-0.0029097567031071137
531,2016-01-13,-0.030393724477139727
532,2016-01-14,-0.006621362028142563
533,2016-01-15,-0.1518216912410777
534,2016-01-16,0.04626145195909537
535,2016-01-17,0.006358000019498711
536,2016-01-18,-0.0014153818087097036
537,2016-01-19,-0.016128856015586557
538,2016-01-20,0.09785324922782301
539,2016-01-21,-0.025589388824031722
540,2016-01-22,-0.07528019580041878
541,2016-01-23,0.03357277430193495
542,2016-01-24,0.037339705235889475
543,2016-01-25,-0.02182611329379469
544,2016-01-26,0.0007704708645777103
545,2016-01-27,0.01093209666996664
546,2016-01-28,-0.03160361817348001
547,2016-01-29,0.0009838887136242036
548,2016-01-30,-0.008202716817383937
549,2016-01-31,-0.034489288498788184
550,2016-02-01,0.01591306592092856
551,2016-02-02,0.007865478062614173
552,2016-02-03,-0.00907473935905756
553,2016-02-04,0.05097806879742528
554,2016-02-05,-0.004213534121921825
555,2016-02-06,-0.022931778483378906
556,2016-02-07,0.0086376937554693
557,2016-02-08,-0.010085466281465116
558,2016-02-09,0.012270589516042207
559,2016-02-10,0.02314622551899781
560,2016-02-11,0.01147375583855581
561,2016-02-12,0.0099593118313539
562,2016-02-13,0.018016867598840136
563,2016-02-14,0.029852073729911943
564,2016-02-15,-0.008779558960816836
565,2016-02-16,0.005885670900982021
566,2016-02-17,0.01139398479265541
567,2016-02-18,0.01588052518304739
568,2016-02-19,-0.0018201391962096025
569,2016-02-20,0.04340414928789915
570,2016-02-21,-0.0024431059429819157
571,2016-02-22,0.007898847318751123
572,2016-02-23,-0.03725079222805494
573,2016-02-24,0.012296730013509283
574,2016-02-25,-0.0025641874700070844
575,2016-02-26,0.0073821096454160795
576,2016-02-27,0.014916682406283854
577,2016-02-28,0.001884495411474063
578,2016-02-29,0.006848793748789106
579,2016-03-01,0.0012121633125232734
580,2016-03-02,-0.005144353178242689
581,2016-03-03,0.004322342873395613
582,2016-03-04,-0.016247515294669945
583,2016-03-05,-0.01639243437212734
584,2016-03-06,0.01800681149082095
585,2016-03-07,0.003566413936447077
586,2016-03-08,0.0019198351999749619
587,2016-03-09,0.023409803000038032
588,2016-03-10,0.0019198383664216223
589,2016-03-11,0.009057659009376273
590,2016-03-12,0.004266177312805652
591,2016-03-13,0.01758371225351496
592,2016-03-14,-0.02283677110816651
593,2016-03-15,0.008147191342832372
594,2016-03-16,-0.002743901312117991
595,2016-03-17,-0.011335737794637701
596,2016-03-18,-0.02379551598580587
597,2016-03-19,-0.006630751916330446
598,2016-03-20,0.007468457827552122
599,2016-03-21,0.0161681218864711
600,2016-03-22,0.005449872614762263
601,2016-03-23,0.016416723680906742
602,2016-03-24,-0.018691093240327028
603,2016-03-25,-0.003031252926080974
604,2016-03-26,0.005837819127618715
605,2016-03-27,0.009592420352675823
606,2016-03-28,0.005874875919778866
607,2016-03-29,-0.012945711413977712
608,2016-03-30,-0.006346030559467586
609,2016-03-31,0.0005496842022321147
610,2016-04-01,0.005435679377417735
611,2016-04-02,0.005896048735408499
612,2016-04-03,-0.0024196633289372826
613,2016-04-04,0.0003793425885696422
614,2016-04-05,-0.003074550465057335
615,2016-04-06,-0.0009281215423504463
616,2016-04-07,-0.009853288379770397
617,2016-04-08,-0.008562890240426668
618,2016-04-09,-0.00515775808644392
619,2016-04-10,-0.005244017358558395
620,2016-04-11,0.0017293261597837173
621,2016-04-12,-0.004675846370219006
622,2016-04-13,0.0009854132304418783
623,2016-04-14,0.008515939051584098
624,2016-04-15,0.0075870647814397785
625,2016-04-16,0.007374607700014302
626,2016-04-17,0.002815360192259142
627,2016-04-18,-0.00010720037336575672
628,2016-04-19,0.013443984950082921
629,2016-04-20,0.009437068367006418
630,2016-04-21,0.014422558168813993
631,2016-04-22,-0.010073247305278699
632,2016-04-23,0.014554157932646028
633,2016-04-24,0.011040951350690165
634,2016-04-25,-0.0007952878076871173
635,2016-04-26,0.006726839348202063
636,2016-04-27,-0.04180772037761393
637,2016-04-28,0.004450242153148487
638,2016-04-29,0.017118546132912194
639,2016-04-30,-0.0023174824564913266
640,2016-05-01,0.008980059883506364
641,2016-05-02,-0.0029220383712900144
642,2016-05-03,0.002500371515876232
643,2016-05-04,-0.005440903800892016
644,2016-05-05,0.006787218619062507
645,2016-05-06,0.019697500512195987
646,2016-05-07,-0.0023650786631597143
647,2016-05-08,0.0012274370102449694
648,2016-05-09,0.003192899225762602
649,2016-05-10,-0.02306515077403848
650,2016-05-11,0.010052093710049448
651,2016-05-12,0.005982339382247126
652,2016-05-13,0.007701098058631395
653,2016-05-14,-0.0043800829325721935
654,2016-05-15,0.0027210559428088033
655,2016-05-16,0.00587586961599218
656,2016-05-17,0.004692220089461685
657,2016-05-18,0.013355052726368832
658,2016-05-19,-0.010705444902356476
659,2016-05-20,-0.005834767960994469
660,2016-05-21,0.0057020056976062605
661,2016-05-22,-0.005449309079024189
662,2016-05-23,-0.0011015022955396248
663,2016-05-24,-0.0007762465577751954
664,2016-05-25,0.0034052765494312354
665,2016-05-26,0.007885553796250555
666,2016-05-27,0.026265884378386062
667,2016-05-28,0.09599139654506317
668,2016-05-29,-0.000541839677674183
669,2016-05-30,0.019482863852215537
670,2016-05-31,0.006558481708399455
671,2016-06-01,0.012308570356181825
672,2016-06-02,-0.0014254162889679733
673,2016-06-03,0.04900462296546415
674,2016-06-04,0.003535121884813641
675,2016-06-05,0.003309522486297567
676,2016-06-06,0.01649385339111653
677,2016-06-07,-0.006665460489420738
678,2016-06-08,0.007280194185223188
679,2016-06-09,-0.007247215131863882
680,2016-06-10,-0.0009235162549439124
681,2016-06-11,0.027150775594878773
682,2016-06-12,0.11161477672204434
683,2016-06-13,0.05224598963305471
684,2016-06-14,-0.010277632656110036
685,2016-06-15,0.007316983184702863
686,2016-06-16,0.09690558400648097
687,2016-06-17,-0.04782335308554675
688,2016-06-18,-0.015458125732335404
689,2016-06-19,0.016825946156060922
690,2016-06-20,-0.037932266788974545
691,2016-06-21,-0.08223000062860564
692,2016-06-22,-0.10486982216195351
693,2016-06-23,0.05185598994652718
694,2016-06-24,0.05535835696888736
695,2016-06-25,0.008703275568282542
696,2016-06-26,-0.051132779493305414
697,2016-06-27,0.030664580035502986
698,2016-06-28,-0.010891830771946331
699,2016-06-29,-0.010855949472397874
700,2016-06-30,0.04872991400837723
701,2016-07-01,0.0019412106150049624
702,2016-07-02,0.016086757211961178
703,2016-07-03,-0.036230577095228256
704,2016-07-04,0.0178349628601584
705,2016-07-05,-0.023064311389806136
706,2016-07-06,0.010909501963187296
707,2016-07-07,-0.05483303803975215
708,2016-07-08,0.04848851544779542
709,2016-07-09,-0.017302807014057286
710,2016-07-10,-0.00409852719343462
711,2016-07-11,-0.0017150036879494124
712,2016-07-12,0.04179001415331918
713,2016-07-13,-0.007979154549550671
714,2016-07-14,0.004843283692036238
715,2016-07-15,0.009590565350208635
716,2016-07-16,-0.0009910240715109708
717,2016-07-17,0.014920667654820363
718,2016-07-18,-0.01198460081746866
719,2016-07-19,0.015465986036535817
720,2016-07-20,0.0006378722594932995
721,2016-07-21,-0.007541868582266353
722,2016-07-22,-0.005508025367075398
723,2016-07-23,-0.006424050647755308
724,2016-07-24,-0.002189607989632414
725,2016-07-25,-0.00309487644639006
726,2016-07-26,-0.02364140239208723
727,2016-07-27,0.013707163151197577
728,2016-07-28,-0.000479586886869221
729,2016-07-29,-0.0009042081215193676
730,2016-07-30,-0.0029739916165141267
731,2016-07-31,-0.047110459275407024
732,2016-08-01,-0.033396539928375546
733,2016-08-02,-0.1598300420022145
734,2016-08-03,0.09638594652035071
735,2016-08-04,0.02188122984824492
736,2016-08-05,0.0011994748420542933
737,2016-08-06,0.01735279012779678
738,2016-08-07,0.007357782601847163
739,2016-08-08,-0.0012493429642352893
740,2016-08-09,-0.0011392298199810469
741,2016-08-10,0.007717847771543163
742,2016-08-11,-0.0065510372103601
743,2016-08-12,-0.0004982885283952854
744,2016-08-13,-0.0052682836505697495
745,2016-08-14,-0.021986707371061343
746,2016-08-15,-0.005650125630975111
747,2016-08-16,0.007213413772282351
748,2016-08-17,-0.003963681089551585
749,2016-08-18,0.0018206127821507323
750,2016-08-19,0.0019950961225339015
751,2016-08-20,0.015957230931118005
752,2016-08-21,-0.0044761852179942
753,2016-08-22,0.007881957156326003
754,2016-08-23,-0.00621986321823087
755,2016-08-24,-0.0059424560520486835
756,2016-08-25,-0.002406816635676101
757,2016-08-26,0.0021060990030701277
758,2016-08-27,-0.015167874340377807
759,2016-08-28,0.009666201381520523
760,2016-08-29,0.00282964760451776
761,2016-08-30,0.005071655188117141
762,2016-08-31,-0.004760099151909891
763,2016-09-01,0.003275021363620567
764,2016-09-02,0.0058515765578084356
765,2016-09-03,0.029013754744464215
766,2016-09-04,0.019583387286159493
767,2016-09-05,-0.0011841595422188433
768,2016-09-06,0.0024311090931510293
769,2016-09-07,0.004586432436872734
770,2016-09-08,0.013304728074003513
771,2016-09-09,-0.003533810071949084
772,2016-09-10,0.006286156648989127
773,2016-09-11,-0.03098235079105649
774,2016-09-12,0.003155753586009169
775,2016-09-13,0.0010996547060422301
776,2016-09-14,0.0034433835738640894
777,2016-09-15,0.0006245631309287347
778,2016-09-16,0.0027588016058643916
779,2016-09-17,-0.0005098026399377176
780,2016-09-18,0.0012251370772098369
781,2016-09-19,0.006329106418963448
782,2016-09-20,0.006874091251042991
783,2016-09-21,-0.022614422213580454
784,2016-09-22,-0.003480004890109356
785,2016-09-23,0.011886930242126503
786,2016-09-24,-0.0021124981989295577
787,2016-09-25,-0.0002531569966555125
788,2016-09-26,0.006000729984732445
789,2016-09-27,-0.0003780672795290485
790,2016-09-28,0.0033437657428665446
791,2016-09-29,-0.001468415737030604
792,2016-09-30,0.005698881091241503
793,2016-10-01,0.0031911618253568363
794,2016-10-02,-0.004064534165866718
795,2016-10-03,0.00339097919659892
796,2016-10-04,-0.006612612516374128
797,2016-10-05,-0.00014987051634296478
798,2016-10-06,-0.0022183817036660614
799,2016-10-07,0.00442868079300851
800,2016-10-08,-0.002714322502634481
801,2016-10-09,-0.0027548146103324456
802,2016-10-10,-0.0022824318715937153
803,2016-10-11,0.0358052242111242
804,2016-10-12,-0.007492026185363265
805,2016-10-13,-0.0005840189921979544
806,2016-10-14,0.006368935542258036
807,2016-10-15,-0.003927100225187274
808,2016-10-16,0.004568029822198838
809,2016-10-17,-0.004614545191951258
810,2016-10-18,0.0020910079999589826
811,2016-10-19,-0.012501231449063788
812,2016-10-20,0.0022995376877501528
813,2016-10-21,0.0022940476043631364
814,2016-10-22,0.028384779451177344
815,2016-10-23,-0.0029490708418453693
816,2016-10-24,-0.001995232766686783
817,2016-10-25,-0.00037190986413726534
818,2016-10-26,0.027612294122941528
819,2016-10-27,0.010724183497830886
820,2016-10-28,0.005653900716163562
821,2016-10-29,0.02012487839975563
822,2016-10-30,-0.013983597855396823
823,2016-10-31,-0.0010909393848335114
824,2016-11-01,0.03563157244877235
825,2016-11-02,0.006276109823668996
826,2016-11-03,-0.05891878003174522
827,2016-11-04,0.023749756625425
828,2016-11-05,0.004630024560190904
829,2016-11-06,0.008614495034982461
830,2016-11-07,-0.007794962413536943
831,2016-11-08,0.004174307910563613
832,2016-11-09,0.012505933467322095
833,2016-11-10,-0.010335827178699297
834,2016-11-11,0.0028305237306645026
835,2016-11-12,-0.018495419589648066
836,2016-11-13,0.0018623647028626067
837,2016-11-14,0.003520054222200919
838,2016-11-15,0.00824138694929033
839,2016-11-16,0.031702032289707915
840,2016-11-17,-0.00403998752318202
841,2016-11-18,0.008341003861806584
842,2016-11-19,0.0036243906219235456
843,2016-11-20,-0.027657631831427665
844,2016-11-21,0.010467478964780952
845,2016-11-22,0.01550712220124062
846,2016-11-23,-0.009535582368408235
847,2016-11-24,-0.009238962190223354
848,2016-11-25,0.0027907947057244087
849,2016-11-26,-0.0063290623881799846
850,2016-11-27,-0.0067662192235493634
851,2016-11-28,0.0031454987638079857
852,2016-11-29,-0.00492389842120744
853,2016-11-30,0.016717412446582536
854,2016-12-01,0.010931042784773304
855,2016-12-02,0.015075687714507069
856,2016-12-03,-0.0050431608811774
857,2016-12-04,-0.0017512082544861585
858,2016-12-05,-0.022012411647978958
859,2016-12-06,0.013642816968717497
860,2016-12-07,0.01118893250111519
861,2016-12-08,0.007482581710350544
862,2016-12-09,0.0032992976295185272
863,2016-12-10,-0.00019418016032091145
864,2016-12-11,-0.003989530851027823
865,2016-12-12,0.013307874407735731
866,2016-12-13,-0.0008342677594219694
867,2016-12-14,-0.0036151045573529217
868,2016-12-15,-0.001826569020384916
869,2016-12-16,0.007994573448620201
870,2016-12-17,0.007172433398189071
871,2016-12-18,0.0015271360161355219
872,2016-12-19,0.0009152711088571408
873,2016-12-20,0.010088123594551135
874,2016-12-21,0.0303924250461991
875,2016-12-22,0.03278052026111844
876,2016-12-23,0.05799687046499713
877,2016-12-24,-0.023814650355141964
878,2016-12-25,0.0021888156133478276
879,2016-12-26,0.00916723593989488
880,2016-12-27,0.027292486877237288
881,2016-12-28,0.05004279436483827
882,2016-12-29,0.0002636790725967231
883,2016-12-30,-0.009009206376898504
884,2016-12-31,0.005015383892534864
885,2017-01-01,0.028488530065486906
886,2017-01-02,0.022857503647596644
887,2017-01-03,0.021279638632587528
888,2017-01-04,0.09018729175573093
889,2017-01-05,-0.12620389376589713
890,2017-01-06,-0.09460894189859115
891,2017-01-07,0.003425270600481589
892,2017-01-08,0.010762072784212151
893,2017-01-09,-0.00529446480037965
894,2017-01-10,0.007324693971680674
895,2017-01-11,-0.13827351103119145
896,2017-01-12,0.019404962103615198
897,2017-01-13,0.026933514762635724
898,2017-01-14,-0.005333196204521329
899,2017-01-15,0.0044269133833516605
900,2017-01-16,0.007215281377900062
901,2017-01-17,0.08211857651854704
902,2017-01-18,-0.03116345097708262
903,2017-01-19,0.025365990629482305
904,2017-01-20,-0.00477896261087718
905,2017-01-21,0.03021347606594116
906,2017-01-22,-0.0017348834706849559
907,2017-01-23,0.000629821270730524
908,2017-01-24,-0.036169179214847524
909,2017-01-25,0.00799276383192371
910,2017-01-26,0.02373388715907332
911,2017-01-27,0.002326232625145863
912,2017-01-28,0.003038799078077581
913,2017-01-29,-0.006143789361348517
914,2017-01-30,0.008930653175016623
915,2017-01-31,0.04524184363736872
916,2017-02-01,0.017817296707028696
917,2017-02-02,0.0204501866018596
918,2017-02-03,0.006685179185673462
919,2017-02-04,0.018028027328973018
920,2017-02-05,-0.01519017274159129
921,2017-02-06,0.00716591992712079
922,2017-02-07,0.024759861416174367
923,2017-02-08,0.002682625935235272
924,2017-02-09,-0.06913955689250617
925,2017-02-10,0.011748272412253513
926,2017-02-11,0.018257066064946592
927,2017-02-12,-0.009649132574460317
928,2017-02-13,-0.00448209826931123
929,2017-02-14,0.02193418863764318
930,2017-02-15,-0.0009565569248968231
931,2017-02-16,0.022270241879233765
932,2017-02-17,0.018112233535333644
933,2017-02-18,0.001604422352831314
934,2017-02-19,-0.004143706728988228
935,2017-02-20,0.02358429119673211
936,2017-02-21,0.03601050546867768
937,2017-02-22,-0.001976159015089074
938,2017-02-23,0.05198464941757841
939,2017-02-24,-0.004211292924511056
940,2017-02-25,-0.022679790718790116
941,2017-02-26,0.02912820384228265
942,2017-02-27,0.012955977627871818
943,2017-02-28,-0.0006329071416102394
944,2017-03-01,0.03713367049122418
945,2017-03-02,0.03387862180327961
946,2017-03-03,0.02326806671085624
947,2017-03-04,-0.019182896300914187
948,2017-03-05,0.007187970252191533
949,2017-03-06,0.006230379032643896
950,2017-03-07,-0.0365220669877262
951,2017-03-08,-0.0727840607090231
952,2017-03-09,0.03857566439123694
953,2017-03-10,-0.06437638438861892
954,2017-03-11,0.07956001529457968
955,2017-03-12,0.043931461973103936
956,2017-03-13,0.030033611704283203
957,2017-03-14,0.006344708465246818
958,2017-03-15,0.0323521542183105
959,2017-03-16,-0.009745961064786535
960,2017-03-17,-0.0825959741729303
961,2017-03-18,-0.1298127050661808
962,2017-03-19,0.09921189177287904
963,2017-03-20,-0.0011955584198952707
964,2017-03-21,0.056130473952719306
965,2017-03-22,-0.05526015727118416
966,2017-03-23,0.004364270800638614
967,2017-03-24,-0.03372847953486513
968,2017-03-25,0.014346874437797474
969,2017-03-26,-0.01112266716225907
970,2017-03-27,0.05886977443412533
971,2017-03-28,0.008296580798773157
972,2017-03-29,0.005805119568217165
973,2017-03-30,0.004747734977301299
974,2017-03-31,0.032211813245150545
975,2017-04-01,0.008464397342668128
976,2017-04-02,0.049051978934178564
977,2017-04-03,-0.022408053295452035
978,2017-04-04,0.0028901444776314733
979,2017-04-05,0.015417287602663698
980,2017-04-06,0.021781334732571267
981,2017-04-07,-5.385558837112114e-06
982,2017-04-08,0.0030886908241196664
983,2017-04-09,0.0012372164378398054
984,2017-04-10,0.008323616028419245
985,2017-04-11,0.00897315964849188
986,2017-04-12,0.01013385580731363
987,2017-04-13,-0.01505189895004655
988,2017-04-14,-0.0017279193587373953
989,2017-04-15,0.005166798181635457
990,2017-04-16,0.0014555867629972852
991,2017-04-17,0.011139930153496458
992,2017-04-18,0.013970127831013812
993,2017-04-19,-0.010039620026369711
994,2017-04-20,0.025661666778909797
995,2017-04-21,0.0023444748234204837
996,2017-04-22,-9.004415261681942e-05
997,2017-04-23,0.005174538727560574
998,2017-04-24,0.0035893449671231537
999,2017-04-25,0.009081046410418736
1000,2017-04-26,0.027382096739163586
1001,2017-04-27,0.05654536918776287
1002,2017-04-28,0.03403726303056054
1003,2017-04-29,0.015335423154867911
1004,2017-04-30,0.032363173287871305
1005,2017-05-01,0.01600983460817318
1006,2017-05-02,0.018267146823397695
1007,2017-05-03,0.04433858359488063
1008,2017-05-04,0.06436216699033359
1009,2017-05-05,0.017602859656678405
1010,2017-05-06,0.04565078377939358
1011,2017-05-07,0.034067678437462945
1012,2017-05-08,0.0765961986229673
1013,2017-05-09,-0.01657314718099201
1014,2017-05-10,0.040861670228890645
1015,2017-05-11,0.01600115562173876
1016,2017-05-12,-0.017642827337976286
1017,2017-05-13,0.025113334264917242
1018,2017-05-14,0.015904861443601703
1019,2017-05-15,0.0024674013913532633
1020,2017-05-16,0.0
1021,2017-05-17,0.13259986465581797
1022,2017-05-18,0.03228553677097601
1023,2017-05-19,0.055820051171021845
1024,2017-05-20,0.03226503092017374
1025,2017-05-21,0.04520911492078383
1026,2017-05-22,0.006051395687656225
1027,2017-05-23,0.09263151089194999
1028,2017-05-24,0.04976302510294062
1029,2017-05-25,-0.08174102756896673
1030,2017-05-26,-0.04559944637662028
1031,2017-05-27,-0.08443703210820352
1032,2017-05-28,0.06965720853151147
1033,2017-05-29,0.05099893938408151
1034,2017-05-30,0.0008247938531269483
1035,2017-05-31,0.06266656504121393
1036,2017-06-01,0.06288753014151105
1037,2017-06-02,0.01938694932973206
1038,2017-06-03,0.004426414169259374
1039,2017-06-04,0.03334775027227366
1040,2017-06-05,0.04142432101760107
1041,2017-06-06,0.05420317197165225
1042,2017-06-07,-0.054811604008939696
1043,2017-06-08,0.034777394865534106
1044,2017-06-09,0.022176390942536983
1045,2017-06-10,0.05803482638954449
1046,2017-06-11,0.031514218310707776
1047,2017-06-12,-0.02154052453743205
1048,2017-06-13,0.013837730798762493
1049,2017-06-14,-0.08460659936479153
1050,2017-06-15,-0.021020661621280468
1051,2017-06-16,0.031441533823713286
1052,2017-06-17,0.061230000045908284
1053,2017-06-18,-0.026425099939203278
1054,2017-06-19,0.02586471276511304
1055,2017-06-20,0.029178950853562924
1056,2017-06-21,-0.05257350787195847
1057,2017-06-22,0.003674736570712156
1058,2017-06-23,0.01974502446852
1059,2017-06-24,-0.05232108732889884
1060,2017-06-25,-0.0337978335565694
1061,2017-06-26,-0.0735407445213756
1062,2017-06-27,0.03164217704273753
1063,2017-06-28,0.05431455001979657
1064,2017-06-29,-0.028388534731798032
1065,2017-06-30,-0.03700985935170209
1066,2017-07-01,-0.04551675679766731
1067,2017-07-02,0.045896760190233366
1068,2017-07-03,0.010004339769547954
1069,2017-07-04,0.003946456401788367
1070,2017-07-05,-0.005053363645233233
1071,2017-07-06,0.0003361418457945575
1072,2017-07-07,-0.07298979189092947
1073,2017-07-08,0.02224603839584738
1074,2017-07-09,-0.026582322928430102
1075,2017-07-10,-0.10375372648835857
1076,2017-07-11,-0.03728368769247581
1077,2017-07-12,0.07257034098431348
1078,2017-07-13,-0.03392708504444819
1079,2017-07-14,-0.05914683755146122
1080,2017-07-15,-0.11034337063390609
1081,2017-07-16,-0.07026232385460496
1082,2017-07-17,0.1496653658892324
1083,2017-07-18,0.0926202952701356
1084,2017-07-19,-0.06496626339529854
1085,2017-07-20,0.16328750904177802
1086,2017-07-21,-0.027274778399489108
1087,2017-07-22,0.06369425696606434
1088,2017-07-23,-0.024206628744796177
1089,2017-07-24,0.0038792858406662134
1090,2017-07-25,-0.08273273577331786
1091,2017-07-26,-0.020220034147845567
1092,2017-07-27,0.034368073696253276
1093,2017-07-28,0.04144867685363707
1094,2017-07-29,-0.029847576325304104
1095,2017-07-30,-0.014848848578669305
1096,2017-07-31,0.038357198798466996
1097,2017-08-01,0.01041647894825104
1098,2017-08-02,-0.015654105664115292
1099,2017-08-03,0.028374245082257943
1100,2017-08-04,0.01203533085198849
1101,2017-08-05,0.11544546425759705
1102,2017-08-06,-0.0003849715333430481
1103,2017-08-07,0.04037843822563758
1104,2017-08-08,0.0440875545786259
1105,2017-08-09,-0.015262004630105963
1106,2017-08-10,0.005119273063058927
1107,2017-08-11,0.042189280552356934
1108,2017-08-12,0.035173187694972796
1109,2017-08-13,0.021043384219391115
1110,2017-08-14,0.024511921499010825
1111,2017-08-15,-0.014235668272238655
1112,2017-08-16,0.030667709623866557
1113,2017-08-17,0.024932237867867357
1114,2017-08-18,-0.05702991351275166
1115,2017-08-19,0.007613242287867195
1116,2017-08-20,-0.01126384326624219
1117,2017-08-21,0.023661278250527218
1118,2017-08-22,0.01802709285647275
1119,2017-08-23,0.01909022338213262
1120,2017-08-24,0.00887218175729565
1121,2017-08-25,0.013872320252046322
1122,2017-08-26,-0.0026836723968539644
1123,2017-08-27,0.008554636046843811
1124,2017-08-28,0.02209572605316623
1125,2017-08-29,0.03559337079601299
1126,2017-08-30,0.03709112856373231
1127,2017-08-31,0.03502900817115595
1128,2017-09-01,0.02781317041128517
1129,2017-09-02,-0.08385617311867577
1130,2017-09-03,0.01631300966493221
1131,2017-09-04,-0.10119496222969104
1132,2017-09-05,0.04229471801897766
1133,2017-09-06,0.04086033968137315
1134,2017-09-07,-0.008912794006615599
1135,2017-09-08,-0.07014567145943751
1136,2017-09-09,-0.011785199092399168
1137,2017-09-10,-0.026298830444897447
1138,2017-09-11,0.011457525737288421
1139,2017-09-12,-0.011412971576421072
1140,2017-09-13,-0.05432576860766325
1141,2017-09-14,-0.23836384246801146
1142,2017-09-15,0.14110792017744345
1143,2017-09-16,0.0003056142359003644
1144,2017-09-17,-0.01640733110746595
1145,2017-09-18,0.13246104133871128
1146,2017-09-19,-0.01642316294942958
1147,2017-09-20,-0.00850962153940138
1148,2017-09-21,-0.06780093459223657
1149,2017-09-22,-0.010284556844327497
1150,2017-09-23,0.06571286261566733
1151,2017-09-24,0.01211624255412147
1152,2017-09-25,0.035515589330620045
1153,2017-09-26,-0.019778718759052794
1154,2017-09-27,0.052749742823008816
1155,2017-09-28,-0.027512597513508652
1156,2017-09-29,-0.00870009372555458
1157,2017-09-30,0.034839096905578515
1158,2017-10-01,0.008347178684813272
1159,2017-10-02,-0.0002685037987628647
1160,2017-10-03,-0.01532902306386319
1161,2017-10-04,-0.015332441298117061
1162,2017-10-05,0.014654591720187682
1163,2017-10-06,0.01847780349209671
1164,2017-10-07,0.01212499398587319
1165,2017-10-08,0.024094167428211577
1166,2017-10-09,6.233981972592062e-05
1167,2017-10-10,0.010897713112955287
1168,2017-10-11,0.008711461300149992
1169,2017-10-12,0.05707335705624139
1170,2017-10-13,0.061394525892055185
1171,2017-10-14,0.007225031242354518
1172,2017-10-15,0.0016893688548513808
1173,2017-10-16,0.0006583115365845771
1174,2017-10-17,-0.02049099579385505
1175,2017-10-18,-0.012984378185247891
1176,2017-10-19,0.004343134710147467
1177,2017-10-20,0.02134925361485074
1178,2017-10-21,0.006953441773747571
1179,2017-10-22,-0.008382205469059656
1180,2017-10-23,-0.011981191096083421
1181,2017-10-24,-0.033036399175493614
1182,2017-10-25,0.015909729457563415
1183,2017-10-26,0.017185539740989242
1184,2017-10-27,-0.007295869252128995
1185,2017-10-28,-0.0013009448851608596
1186,2017-10-29,0.05357446904569585
1187,2017-10-30,0.0005867149690903517
1188,2017-10-31,0.022461900152292102
1189,2017-11-01,0.028621156073668885
1190,2017-11-02,0.036007627192750746
1191,2017-11-03,0.029774106807797907
1192,2017-11-04,0.005657345103662337
1193,2017-11-05,0.002672065174003535
1194,2017-11-06,-0.022352626873960446
1195,2017-11-07,0.007225570690772898
1196,2017-11-08,0.04554550036366578
1197,2017-11-09,-0.003718549729075704
1198,2017-11-10,-0.04279227606293645
1199,2017-11-11,0.022448203100031705
1200,2017-11-12,-0.03427791386866019
1201,2017-11-13,0.03810705201664355
1202,2017-11-14,0.03391745347388131
1203,2017-11-15,0.05024927423226977
1204,2017-11-16,0.016762209618198298
1205,2017-11-17,0.02533268338237704
1206,2017-11-18,0.018405387405829643
1207,2017-11-19,0.01115929320733855
1208,2017-11-20,0.029209129418271473
1209,2017-11-21,-0.015377573245435983
1210,2017-11-22,0.03635830146657959
1211,2017-11-23,0.02641995187040891
1212,2017-11-24,0.03771382872031381
1213,2017-11-25,0.032996325178400454
1214,2017-11-26,0.04524146572133603
1215,2017-11-27,0.042208333208089144
1216,2017-11-28,0.03503481569110889
1217,2017-11-29,-0.07821586259382407
1218,2017-11-30,0.0574681856186281
1219,2017-12-01,0.06681698128217839
1220,2017-12-02,-0.0020349231148450997
1221,2017-12-03,0.011243922639097903
1222,2017-12-04,0.05532204510064709
1223,2017-12-05,0.039608796577537575
1224,2017-12-06,0.05441791737859347
1225,2017-12-07,0.19854095273457162
1226,2017-12-08,-0.03527160299952392
1227,2017-12-09,-0.07262829333797782
1228,2017-12-10,0.0031071081144879997
1229,2017-12-11,0.09302252955911605
1230,2017-12-12,0.07910981351444235
1231,2017-12-13,-0.005906164854769358
1232,2017-12-14,0.06359523956540691
1233,2017-12-15,0.02612090824176505
1234,2017-12-16,0.07150932492229778
1235,2017-12-17,0.010990136236580739
1236,2017-12-18,0.041587812877526886
1237,2017-12-19,0.008355994925931753
1238,2017-12-20,-0.014551998468979477
1239,2017-12-21,-0.011301431604945122
1240,2017-12-22,-0.16791256043524783
1241,2017-12-23,0.10009752800982241
1242,2017-12-24,-0.04652277345834577
1243,2017-12-25,0.002488059188216596
1244,2017-12-26,0.10118504121898297
1245,2017-12-27,-0.006966649110685452
1246,2017-12-28,-0.054944555540954454
1247,2017-12-29,0.07463748797168002
1248,2017-12-30,-0.06972526432784854
1249,2017-12-31,0.07630538992549418
1250,2018-01-01,-0.016202947237630383
1251,2018-01-02,0.08563808548232288
1252,2018-01-03,0.09286390284525048
1253,2018-01-04,0.027956090897996333
1254,2018-01-05,0.006794974614944493
1255,2018-01-06,0.06563507666843371
1256,2018-01-07,-0.0007385699726416561
1257,2018-01-08,-0.08886928081023449
1258,2018-01-09,-0.005888477512543844
1259,2018-01-10,-0.013434819957959476
1260,2018-01-11,-0.09971716498763428
1261,2018-01-12,0.08433224017655938
1262,2018-01-13,0.04021312322229953
1263,2018-01-14,-0.05423218020988685
1264,2018-01-15,-0.041646036371142614
1265,2018-01-16,-0.25334033336376294
1266,2018-01-17,-0.0021045339969898436
1267,2018-01-18,0.039878752505794424
1268,2018-01-19,0.007700967217406429
1269,2018-01-20,0.1097076980778997
1270,2018-01-21,-0.12990768677052955
1271,2018-01-22,-0.062330011326988455
1272,2018-01-23,-0.006939710974211977
1273,2018-01-24,0.04087975625288642
1274,2018-01-25,-0.0007388147640661202
1275,2018-01-26,-0.021011180972781318
1276,2018-01-27,0.03620323815785298
1277,2018-01-28,0.05754240233840413
1278,2018-01-29,-0.049727289368215466
1279,2018-01-30,-0.006712109004718414
1280,2018-01-31,-0.11571488282955045
1281,2018-02-01,0.023926627219545082
1282,2018-02-02,-0.1211300765446186
1283,2018-02-03,-0.05918330590981391
1284,2018-02-04,0.031683236393799774
1285,2018-02-05,-0.09521422526683487
1286,2018-02-06,-0.20527777978079698
1287,2018-02-07,0.13127434788700754
1288,2018-02-08,-0.033891952389931035
1289,2018-02-09,0.08991747485312374
1290,2018-02-10,0.07339549834648196
1291,2018-02-11,0.0026827782737086636
1292,2018-02-12,-0.051294042662499706
1293,2018-02-13,0.07418377755881167
1294,2018-02-14,-0.03554150974449222
1295,2018-02-15,0.10012518578079899
1296,2018-02-16,0.037533313271177704
1297,2018-02-17,0.01028419934688074
1298,2018-02-18,0.05698286342160941
1299,2018-02-19,-0.05621571988207208
1300,2018-02-20,0.035313750928052556
1301,2018-02-21,-0.00396945352637168
1302,2018-02-22,-0.007940329566313409
1303,2018-02-23,-0.12436867745558366
1304,2018-02-24,0.04154645583400729
1305,2018-02-25,-0.0534789946059977
1306,2018-02-26,0.008302896640298485
1307,2018-02-27,0.043690095776387494
1308,2018-02-28,0.018262904524236845
1309,2018-03-01,-0.038449242793715754
1310,2018-03-02,0.03381188943398428
1311,2018-03-03,0.005434877890637679
1312,2018-03-04,0.00491812983697848
1313,2018-03-05,0.008897540792062841
1314,2018-03-06,0.0027330513246521804
1315,2018-03-07,-0.05999558563851615
1316,2018-03-08,-0.06967069987271302
1317,2018-03-09,-0.06295240252820733
1318,2018-03-10,-0.0007551918158235083
1319,2018-03-11,-0.04243970704828648
1320,2018-03-12,0.05880744851840447
1321,2018-03-13,-0.03010425401654082
1322,2018-03-14,-0.005734529726161952
1323,2018-03-15,-0.11152619517485896
1324,2018-03-16,0.0029022515864909337
1325,2018-03-17,0.00932753370598327
1326,2018-03-18,-0.06620256216339904
1327,2018-03-19,0.003144557920000679
1328,2018-03-20,0.06229672888769322
1329,2018-03-21,0.022809220376549533
1330,2018-03-22,0.004079742073143322
1331,2018-03-23,-0.031693458435130495
1332,2018-03-24,0.0018151719306143121
1333,2018-03-25,-0.022029008120815874
1334,2018-03-26,-0.010162959485736422
1335,2018-03-27,-0.04999061083083234
1336,2018-03-28,-0.05148067722102745
1337,2018-03-29,0.0050385905396108654
1338,2018-03-30,-0.11627648351604947
1339,2018-03-31,-0.014324118279711584
1340,2018-04-01,0.004887464017350851
1341,2018-04-02,-0.029730833903970577
1342,2018-04-03,0.03367440636979069
1343,2018-04-04,0.06584007481478515
1344,2018-04-05,-0.0919710302108463
1345,2018-04-06,0.006003462167834428
1346,2018-04-07,-0.0392234209579172
1347,2018-04-08,0.03396357106714731
1348,2018-04-09,0.01989246520031429
1349,2018-04-10,-0.018225695885801585
1350,2018-04-11,0.012453124235060287
1351,2018-04-12,0.03724176240444699
1352,2018-04-13,0.12160248027220533
1353,2018-04-14,-0.0005036417769090917
1354,2018-04-15,0.005994603646952257
1355,2018-04-16,0.05446684234306076
1356,2018-04-17,-0.02411753639061054
1357,2018-04-18,-0.01263687643563749
1358,2018-04-19,0.05168453240812454
1359,2018-04-20,0.05047527727154666
1360,2018-04-21,0.057250346980792344
1361,2018-04-22,0.015429110107431754
1362,2018-04-23,0.0012872572540487681
1363,2018-04-24,0.031169806559674385
1364,2018-04-25,0.08981040576144395
1365,2018-04-26,-0.11590960525774996
1366,2018-04-27,0.06092298177505562
1367,2018-04-28,-0.028065975917815678
1368,2018-04-29,0.04990830741951058
1369,2018-04-30,0.022341474169188302
1370,2018-05-01,-0.03500268068648715
1371,2018-05-02,-0.0020478507697454518
1372,2018-05-03,0.017438951071889974
1373,2018-05-04,0.056540525454829904
1374,2018-05-05,-0.0005676602723294621
1375,2018-05-06,0.02850220522286584
1376,2018-05-07,-0.02056235276197782
1377,2018-05-08,-0.03685364621185094
1378,2018-05-09,-0.017198720298585712
1379,2018-05-10,0.0024069325454227908
1380,2018-05-11,-0.04179714959698089
1381,2018-05-12,-0.07642539984280106
1382,2018-05-13,0.018449952097940425
1383,2018-05-14,0.03814162884317618
1384,2018-05-15,-0.004366002807380198
1385,2018-05-16,-0.03965297204359253
1386,2018-05-17,-0.010552308643143604
1387,2018-05-18,-0.046599302204228366
1388,2018-05-19,0.023012431014844736
1389,2018-05-20,-0.0056243096419041905
1390,2018-05-21,0.03798442699246252
1391,2018-05-22,-0.017812397533090163
1392,2018-05-23,-0.05813454467541668
1393,2018-05-24,-0.07605056638808172
1394,2018-05-25,0.025284653277084956
1395,2018-05-26,-0.022312476674583692
1396,2018-05-27,-0.011342455311895705
1397,2018-05-28,-0.008652621242964287
1398,2018-05-29,-0.06483560314432779
1399,2018-05-30,0.0689097520076345
1400,2018-05-31,-0.008117584798846167
1401,2018-06-01,0.018727312249952277
1402,2018-06-02,0.0069584071223509625
1403,2018-06-03,0.025594823429059943
1404,2018-06-04,0.023756024005763265
1405,2018-06-05,-0.033415182924208864
1406,2018-06-06,0.020414542955563775
1407,2018-06-07,-0.00162509933538324
1408,2018-06-08,3.807369026453955e-05
1409,2018-06-09,-0.009836576932439556
1410,2018-06-10,-0.02002993457294089
1411,2018-06-11,-0.10739390322335396
1412,2018-06-12,0.01848352963171429
1413,2018-06-13,-0.061497660386924835
1414,2018-06-14,-0.04104648904269226
1415,2018-06-15,0.06074329833955083
1416,2018-06-16,-0.04695305479448386
1417,2018-06-17,0.010255242665770936
1418,2018-06-18,-0.009045267924017608
1419,2018-06-19,0.03999611622193733
1420,2018-06-20,0.014829706632886186
1421,2018-06-21,-0.006038591502358415
1422,2018-06-22,-0.008084894828854772
1423,2018-06-23,-0.10629611665638627
1424,2018-06-24,0.011495620816251773
1425,2018-06-25,-0.019827340294979123
1426,2018-06-26,0.013609810568722125
1427,2018-06-27,-0.04759771366908083
1428,2018-06-28,0.01700714537934367
1429,2018-06-29,-0.04562858050365648
1430,2018-06-30,0.0424763553733527
1431,2018-07-01,0.03350828482099644
1432,2018-07-02,-0.006676819562363434
1433,2018-07-03,0.05323394783422053
1434,2018-07-04,-0.017719761789765087
1435,2018-07-05,0.0108330478239278
1436,2018-07-06,-0.006735197272337956
1437,2018-07-07,0.0018396799075102166
1438,2018-07-08,0.024039222870632315
1439,2018-07-09,-0.007872394731915477
1440,2018-07-10,-0.02005713214405347
1441,2018-07-11,-0.06276383391717211
1442,2018-07-12,0.015308006287433784
1443,2018-07-13,-0.02806306537668135
1444,2018-07-14,0.009503737256778777
1445,2018-07-15,0.0019773773491298385
1446,2018-07-16,0.02397185754026765
1447,2018-07-17,0.06910681916082417
1448,2018-07-18,0.06251696722916122
1449,2018-07-19,-0.011188913568174641
1450,2018-07-20,0.0005522713688836944
1451,2018-07-21,-0.037040987299452155
1452,2018-07-22,0.01625535120874666
1453,2018-07-23,-0.0020637275172923353
1454,2018-07-24,0.016432226293446206
1455,2018-07-25,0.07240705667646274
1456,2018-07-26,-0.022571806478312695
1457,2018-07-27,-0.024829954438763124
1458,2018-07-28,0.020332256899340706
1459,2018-07-29,0.0027837887108148607
1460,2018-07-30,0.00045650265056451644
1461,2018-07-31,-0.01197261593816279
1462,2018-08-01,-0.054060501526480564
1463,2018-08-02,-0.015448515922525274
1464,2018-08-03,-0.018888748578785197
1465,2018-08-04,-0.003951561306456242
1466,2018-08-05,-0.045652812961545663
1467,2018-08-06,0.008694156759393223
1468,2018-08-07,-0.017383429779556536
1469,2018-08-08,-0.047305745337537175
1470,2018-08-09,-0.08207740319762635
1471,2018-08-10,0.0396206063247142
1472,2018-08-11,-0.06539463878957719
1473,2018-08-12,-0.015494227027204488
1474,2018-08-13,0.013168796100959668
1475,2018-08-14,-0.037511898879856176
1476,2018-08-15,-0.018714686621418508
1477,2018-08-16,0.010490918651155923
1478,2018-08-17,0.01103782150260102
1479,2018-08-18,0.07783601809765628
1480,2018-08-19,-0.04857073621879415
1481,2018-08-20,0.020032146366386172
1482,2018-08-21,-0.05611633475572653
1483,2018-08-22,0.03557889934117675
1484,2018-08-23,-0.028944976714635473
1485,2018-08-24,0.028565030649634338
1486,2018-08-25,0.020730390593962866
1487,2018-08-26,0.0037050408298089366
1488,2018-08-27,-0.009216735250763719
1489,2018-08-28,0.039727455160337044
1490,2018-08-29,0.03491090165459809
1491,2018-08-30,-0.011768788924380047
1492,2018-08-31,-0.008951021607551013
1493,2018-09-01,0.003470805326713844
1494,2018-09-02,0.037772968569180776
1495,2018-09-03,0.006362290380874214
1496,2018-09-04,-0.010068909735421627
1497,2018-09-05,0.007845599759480848
1498,2018-09-06,-0.11935391285584451
1499,2018-09-07,-0.023126357212264637
1500,2018-09-08,-0.025357003411103918
1501,2018-09-09,-0.04524242517162769
1502,2018-09-10,0.012255238463767526
1503,2018-09-11,-0.00012036343176724529
1504,2018-09-12,-0.01506774150345258
1505,2018-09-13,0.0033932062800641205
1506,2018-09-14,0.04699554406391293
1507,2018-09-15,-0.002542029009367397
1508,2018-09-16,0.01216930903095026
1509,2018-09-17,-0.004424408170596195
1510,2018-09-18,-0.054276802191015605
1511,2018-09-19,0.03691540976450014
1512,2018-09-20,0.004038287638081783
1513,2018-09-21,0.058968679754361375
1514,2018-09-22,0.07341049768943719
1515,2018-09-23,-0.0065997209719395045
1516,2018-09-24,0.004542243131275825
1517,2018-09-25,-0.046223526017744376
1518,2018-09-26,-0.0159133003528531
1519,2018-09-27,0.0025853012514751583
1520,2018-09-28,0.046483663844202994
1521,2018-09-29,-0.014320219019262836
1522,2018-09-30,0.008465743159092654
1523,2018-10-01,0.0037537829873084405
1524,2018-10-02,-0.003287657248636222
1525,2018-10-03,-0.024978350748067868
1526,2018-10-04,-0.005109949476732822
1527,2018-10-05,0.008982949369769955
1528,2018-10-06,0.0074281254324457535
1529,2018-10-07,-0.013277595348657911
1530,2018-10-08,0.0017918442954005798
1531,2018-10-09,0.01367037860746656
1532,2018-10-10,-0.00728476297686953
1533,2018-10-11,-0.01079531916248122
1534,2018-10-12,-0.09354034507958531
1535,2018-10-13,0.020078974092927027
1536,2018-10-14,0.007471180431636526
1537,2018-10-15,-0.0083145631005479
1538,2018-10-16,0.05906705902093812
1539,2018-10-17,0.003243210261560492
1540,2018-10-18,0.0007682942452547081
1541,2018-10-19,-0.021807243009044797
1542,2018-10-20,-0.0036269859913531377
1543,2018-10-21,0.009078542972007497
1544,2018-10-22,-0.0014531512805042723
1545,2018-10-23,-0.003635486394161447
1546,2018-10-24,-0.007038091689436143
1547,2018-10-25,0.0008766190950115771
1548,2018-10-26,-0.0022496785200623037
1549,2018-10-27,0.001462123528112258
1550,2018-10-28,-0.004029301966271603
1551,2018-10-29,0.0056668726772581834
1552,2018-10-30,-0.03674395185126755
1553,2018-10-31,0.008161411247327166
1554,2018-11-01,0.007260963174980262
1555,2018-11-02,0.004309258115590353
1556,2018-11-03,0.0
1557,2018-11-04,0.00762498513997123
1558,2018-11-05,0.010973804173776358
1559,2018-11-06,0.016302751786552605
1560,2018-11-07,0.03362634995793634
1561,2018-11-08,0.0022518248250840145
1562,2018-11-09,-0.0230832976392481
1563,2018-11-10,-0.01239066237080877
1564,2018-11-11,0.002261134904017581
1565,2018-11-12,-0.0001808903041897736
1566,2018-11-13,-0.0014857896933548886
1567,2018-11-14,-0.008585187582772491
1568,2018-11-15,-0.1028103770951816
1569,2018-11-16,-0.011906466253767789
1570,2018-11-17,-0.021485582981881635
1571,2018-11-18,0.004287334828910971
1572,2018-11-19,0.0034215630711589284
1573,2018-11-20,-0.052978834509008976
1574,2018-11-21,-0.19528468778846708
1575,2018-11-22,0.048843813348931064
1576,2018-11-23,-0.06591018940901883
1577,2018-11-24,-0.004612312784233907
1578,2018-11-25,-0.1085171444391122
1579,2018-11-26,0.028554312178066255
1580,2018-11-27,-0.05176675436415934
1581,2018-11-28,0.0013611187502053923
1582,2018-11-29,0.0994459369072338
1583,2018-11-30,-0.010849143791054061
1584,2018-12-01,0.0
1585,2018-12-02,-0.015622388547216204
1586,2018-12-03,-0.018480368176254203
1587,2018-12-04,-0.06035521275013167
1588,2018-12-05,0.010148841297583644
1589,2018-12-06,-0.052499562860450766
1590,2018-12-07,-0.09465458318711484
1591,2018-12-08,-0.011284032880423567
1592,2018-12-09,0.00059754211059726
1593,2018-12-10,0.03572608281324996
1594,2018-12-11,-0.0363699407089193
1595,2018-12-12,-0.0165838975414605
1596,2018-12-13,0.017906192594621118
1597,2018-12-14,-0.04111813016445254
1598,2018-12-15,-0.02645354638916686
1599,2018-12-16,-0.00017106805309552442
1600,2018-12-17,0.00472535561732812
1601,2018-12-18,0.09831317623365088
1602,2018-12-19,0.05054516595845193
1603,2018-12-20,0.00817903191579461
1604,2018-12-21,0.09971631094124156
1605,2018-12-22,-0.0436494369845537
1606,2018-12-23,0.025502967002962507
1607,2018-12-24,0.02046033761709687
1608,2018-12-25,0.037444768745627854
1609,2018-12-26,-0.07939809402156328
1610,2018-12-27,0.010538115602953368
1611,2018-12-28,-0.07329434867127205
1612,2018-12-29,0.08797002468731208
1613,2018-12-30,0.0001427730320742171
1614,2018-12-31,-0.007870785726066032
1615,2019-01-01,-0.026267783679433165
1616,2019-01-02,0.031969662048631164
1617,2019-01-03,0.03666118605689839
1618,2019-01-04,-0.03377089718338944
1619,2019-01-05,0.015181907146267548
1620,2019-01-06,-0.005157498226575186
1621,2019-01-07,0.04813883369713423
1622,2019-01-08,-0.011659785902255138
1623,2019-01-09,0.0006017540050216041
1624,2019-01-10,0.007415511460433066
1625,2019-01-11,-0.11043241385710623
1626,2019-01-12,-0.007552358367949097
1627,2019-01-13,-0.0030496961756725227
1628,2019-01-14,-0.042271746408099276
1629,2019-01-15,0.05736339481008734
1630,2019-01-16,-0.029102054689731816
1631,2019-01-17,0.013890995113646554
1632,2019-01-18,0.004553018100958539
1633,2019-01-19,-0.010325911336101612
1634,2019-01-20,0.020964500017566223
1635,2019-01-21,-0.03694921281920571
1636,2019-01-22,-0.0021372797698013812
1637,2019-01-23,0.011952733474180022
1638,2019-01-24,-0.0056967141019814704
1639,2019-01-25,0.003588267568945369
1640,2019-01-26,-0.00181170735975833
1641,2019-01-27,0.00040731980456776284
1642,2019-01-28,-0.008741797988843558
1643,2019-01-29,-0.0462242610877297
1644,2019-01-30,-0.007235893129186266
1645,2019-01-31,0.028674491580217065
1646,2019-02-01,0.006197366821155015
1647,2019-02-02,0.006791447422951791
1648,2019-02-03,0.00822807145302562
1649,2019-02-04,-0.01037958749172141
1650,2019-02-05,0.002067263281057663
1651,2019-02-06,0.0009337150970729624
1652,2019-02-07,-0.021361096063923668
1653,2019-02-08,0.000660922386831686
1654,2019-02-09,0.08008790272657329
1655,2019-02-10,0.008146558367673862
1656,2019-02-11,0.006050814059230802
1657,2019-02-12,-0.014742267051900626
1658,2019-02-13,0.004231832319375073
1659,2019-02-14,-0.008219531938088664
1660,2019-02-15,-0.007291085992777724
1661,2019-02-16,0.004139492392086552
1662,2019-02-17,0.005718048877284332
1663,2019-02-18,0.023193999082218753
1664,2019-02-19,0.06362512343726756
1665,2019-02-20,0.00727446508716767
1666,2019-02-21,0.02487419435078131
1667,2019-02-22,-0.019958650168440784
1668,2019-02-23,0.013303668641988509
1669,2019-02-24,0.040104332381801555
1670,2019-02-25,-0.10198379335097485
1671,2019-02-26,0.02392380537905403
1672,2019-02-27,-0.008880432828231477
1673,2019-02-28,0.0006761145666303037
1674,2019-03-01,-7.34629234795392e-05
1675,2019-03-02,0.0031143929101862255
1676,2019-03-03,-0.0029635703342751896
1677,2019-03-04,-0.005538981334829884
1678,2019-03-05,-0.02908722440715472
1679,2019-03-06,0.04709068680472406
1680,2019-03-07,0.004217794304794964
1681,2019-03-08,0.0018562358611227125
1682,2019-03-09,-0.00775151380209671
1683,2019-03-10,0.022953542349455347
1684,2019-03-11,-0.0027221067124827414
1685,2019-03-12,-0.016169541559694522
1686,2019-03-13,0.007690839114150805
1687,2019-03-14,-0.0033116939911010945
1688,2019-03-15,0.004193104169097239
1689,2019-03-16,0.01740184874972961
1690,2019-03-17,0.022750263125500325
1691,2019-03-18,-0.008825806622676069
1692,2019-03-19,0.0007340884477304854
1693,2019-03-20,0.00616211512490672
1694,2019-03-21,0.008244572173959241
1695,2019-03-22,-0.018359861538815636
1696,2019-03-23,0.0061824362058668925
1697,2019-03-24,0.006385026031775709
1698,2019-03-25,-0.00474877184967859
1699,2019-03-26,-0.007610522750416848
1700,2019-03-27,-0.00932602943090366
1701,2019-03-28,0.03099375365614776
1702,2019-03-29,-0.005425487234473891
1703,2019-03-30,0.019670693350755997
1704,2019-03-31,-0.0009351736174352254
1705,2019-04-01,0.0027158177124277927
1706,2019-04-02,0.010140810094977581
1707,2019-04-03,0.15934681702191078
1708,2019-04-04,0.015079053937325781
1709,2019-04-05,-0.018294542587618423
1710,2019-04-06,0.03459027797593173
1711,2019-04-07,0.003136158591036775
1712,2019-04-08,0.02511946433412504
1713,2019-04-09,0.010970206563646556
1714,2019-04-10,-0.02081600083880275
1715,2019-04-11,0.023404311483940177
1716,2019-04-12,-0.06249790507762576
1717,2019-04-13,0.00404870746888264
1718,2019-04-14,-0.003391379912248027
1719,2019-04-15,0.018772430326595924
1720,2019-04-16,-0.021269366859982597
1721,2019-04-17,0.027833891787953036
1722,2019-04-18,0.0019188935800897866
1723,2019-04-19,0.016721726501629064
1724,2019-04-20,-0.00011885308007641981
1725,2019-04-21,0.0017214161282197438
1726,2019-04-22,-0.011483940501836543
1727,2019-04-23,0.0095807298803674
1728,2019-04-24,0.013534682240239349
1729,2019-04-25,-0.028296620857682697
1730,2019-04-26,-0.048193941359814474
1731,2019-04-27,0.015584651307781527
1732,2019-04-28,0.00028051890628333354
1733,2019-04-29,-0.006153819262182836
1734,2019-04-30,-0.016902309852715902
1735,2019-05-01,0.0295676705607395
1736,2019-05-02,0.005324367863329016
1737,2019-05-03,0.014545006426375906
1738,2019-05-04,0.04528525365061142
1739,2019-05-05,0.005912920305240377
1740,2019-05-06,-0.007421273804128603
1741,2019-05-07,0.002895580151372812
1742,2019-05-08,0.018052119044389414
1743,2019-05-09,0.007835228904832903
1744,2019-05-10,0.026940278089902847
1745,2019-05-11,0.02426551553888956
1746,2019-05-12,0.1402717680090948
1747,2019-05-13,-0.05440584406066762
1748,2019-05-14,0.10046656906016693
1749,2019-05-15,0.05137451168919682
1750,2019-05-16,0.04635903001590869
1751,2019-05-17,-0.025786128873646064
1752,2019-05-18,-0.07173567848010087
1753,2019-05-19,-0.014260370208246442
1754,2019-05-20,0.11115403274432367
1755,2019-05-21,-0.02812835908531497
1756,2019-05-22,0.0028418312732831907
1757,2019-05-23,-0.041480266806610544
1758,2019-05-24,0.021298499964663264
1759,2019-05-25,0.014253877634759604
1760,2019-05-26,0.006280261222777028
1761,2019-05-27,0.06790585043920316
1762,2019-05-28,0.03294351048651656
1763,2019-05-29,-0.007406894261796637
1764,2019-05-30,-0.008044086900973468
1765,2019-05-31,-0.042447253655636175
1766,2019-06-01,0.038700632238974464
1767,2019-06-02,-0.009966652657329433
1768,2019-06-03,0.0215836060475052
1769,2019-06-04,-0.06835385930400939
1770,2019-06-05,-0.062416975645636086
1771,2019-06-06,0.020232741173284552
1772,2019-06-07,0.006975788639282499
1773,2019-06-08,0.02271357859946299
1774,2019-06-09,-0.017072609408373296
1775,2019-06-10,-0.04031584409180233
1776,2019-06-11,0.04407094142232282
1777,2019-06-12,-0.012105652973742664
1778,2019-06-13,0.03122128641977362
1779,2019-06-14,0.007595787489101724
1780,2019-06-15,0.04765420405158238
1781,2019-06-16,0.014085564280692964
1782,2019-06-17,0.021319379134659755
1783,2019-06-18,0.029823399175400667
1784,2019-06-19,-0.026868373991637995
1785,2019-06-20,0.018050564578640405
1786,2019-06-21,0.0230567591138211
1787,2019-06-22,0.055650162628316124
1788,2019-06-23,0.058703724856391304
1789,2019-06-24,0.007072107020327678
1790,2019-06-25,0.013789318609063628
1791,2019-06-26,0.05255733848931676
1792,2019-06-27,0.07843736121629163
1793,2019-06-28,-0.14653684184330196
1794,2019-06-29,0.08627718207211821
1795,2019-06-30,-0.017152177650151756
1796,2019-07-01,-0.09414264980968134
1797,2019-07-02,-0.013621177885777769
1798,2019-07-03,0.005009341170300274
1799,2019-07-04,0.0892911981973441
1800,2019-07-05,-0.0612801510232277
1801,2019-07-06,-0.01798723281723369
1802,2019-07-07,0.024741092188683922
1803,2019-07-08,0.0163478904912413
1804,2019-07-09,0.057358684859114106
1805,2019-07-10,0.014341247986418892
1806,2019-07-11,-0.036951400628547404
1807,2019-07-12,-0.07352164127144611
1808,2019-07-13,0.03663391939932659
1809,2019-07-14,-0.03293825275213358
1810,2019-07-15,-0.1118602572313332
1811,2019-07-16,0.05673438445696277
1812,2019-07-17,-0.13227853339274276
1813,2019-07-18,0.021267307181343398
1814,2019-07-19,0.09245829340454925
1815,2019-07-20,-0.014176881554407217
1816,2019-07-21,0.02033281674081522
1817,2019-07-22,-0.007760708765395918
1818,2019-07-23,-0.027356803924014628
1819,2019-07-24,-0.03932246668540351
1820,2019-07-25,-0.003808621029717685
1821,2019-07-26,0.00618885539827474
1822,2019-07-27,-0.000754820961397229
1823,2019-07-28,-0.04448845188810857
1824,2019-07-29,0.012669561101757765
1825,2019-07-30,-0.006492644543651949
1826,2019-07-31,0.009405128415458819
1827,2019-08-01,0.047162738879139354
1828,2019-08-02,0.02213036254577716
1829,2019-08-03,0.011598450575963426
1830,2019-08-04,0.021945001776714435
1831,2019-08-05,0.01257886621484694
1832,2019-08-06,0.06680481507908986
1833,2019-08-07,-0.030248154933479654
1834,2019-08-08,0.03418994010680443
1835,2019-08-09,-0.0005758199360084149
1836,2019-08-10,-0.018375934395828963
1837,2019-08-11,-0.036809607767954944
1838,2019-08-12,0.02243206330577685
1839,2019-08-13,-0.015704788436206485
1840,2019-08-14,-0.035624004054467306
1841,2019-08-15,-0.0927659389250497
1842,2019-08-16,0.025279012153990976
1843,2019-08-17,0.0008778233679507252
1844,2019-08-18,-0.007193924896370163
1845,2019-08-19,0.015464329473434901
1846,2019-08-20,0.05004342525090166
1847,2019-08-21,-0.017247058145319016
1848,2019-08-22,-0.055856969637131826
1849,2019-08-23,0.0050628509676009514
1850,2019-08-24,0.03205891038235187
1851,2019-08-25,-0.03140400551222555
1852,2019-08-26,-0.007966642526501033
1853,2019-08-27,0.020829243490112503
1854,2019-08-28,-0.013969837841424138
1855,2019-08-29,-0.04758765165453838
1856,2019-08-30,-0.024757334008263854
1857,2019-08-31,0.008945863476224503
1858,2019-09-01,0.0038217701177689634
1859,2019-09-02,0.009766269810237205
1860,2019-09-03,0.05202097738817457
1861,2019-09-04,0.0287205892543394
1862,2019-09-05,-0.008219262307639141
1863,2019-09-06,-0.001319731633339316
1864,2019-09-07,-0.020485828610837586
1865,2019-09-08,0.01618014123063105
1866,2019-09-09,-0.002929514296852176
1867,2019-09-10,-0.005244625617352838
1868,2019-09-11,-0.017701720772057783
1869,2019-09-12,0.0010148553163737972
1870,2019-09-13,0.021263678695119026
1871,2019-09-14,-0.0029935875617059793
1872,2019-09-15,0.0051469528929466435
1873,2019-09-16,-0.003682929596415363
1874,2019-09-17,0.0017967067236988044
1875,2019-09-18,0.007418061135705756
1876,2019-09-19,0.00307928009334546
1877,2019-09-20,0.009556930438602507
1878,2019-09-21,-0.00941919402638014
1879,2019-09-22,-0.01635084869727521
1880,2019-09-23,-0.0010569288884294537
1881,2019-09-24,-0.03834964615431247
1882,2019-09-25,-0.10726855628909249
1883,2019-09-26,-0.03135580132407689
1884,2019-09-27,-0.039789347881004744
1885,2019-09-28,0.013029013731205907
1886,2019-09-29,0.0033387148571595304
1887,2019-09-30,-0.018814162555361946
1888,2019-10-01,0.03163343858327394
1889,2019-10-02,0.008989333184198145
1890,2019-10-03,0.0
1891,2019-10-04,-0.020567712140984185
1892,2019-10-05,-0.0027626654116730265
1893,2019-10-06,-0.001051736001310033
1894,2019-10-07,-0.028649888764736176
1895,2019-10-08,0.04175557975015387
1896,2019-10-09,0.0004054439065352966
1897,2019-10-10,0.046630311341063546
1898,2019-10-11,-0.005715720101346022
1899,2019-10-12,-0.036318139897387525
1900,2019-10-13,0.005425609949618604
1901,2019-10-14,0.0014949695114658823
1902,2019-10-15,0.009467917400849402
1903,2019-10-16,-0.019716070263523733
1904,2019-10-17,-0.0218065753774912
1905,2019-10-18,0.013316994126263637
1906,2019-10-19,-0.01707666387393658
1907,2019-10-20,-0.002452786925482897
1908,2019-10-21,0.030229379589576055
1909,2019-10-22,0.0008898855079451096
1910,2019-10-23,-0.02030877609193027
1911,2019-10-24,-0.07151787833441503
1912,2019-10-25,-0.0031800301129258912
1913,2019-10-26,0.1418931030350219
1914,2019-10-27,0.05182213009170056
1915,2019-10-28,0.02655096529014145
1916,2019-10-29,-0.024976913682060342
1917,2019-10-30,0.02524071982064946
1918,2019-10-31,-0.025778551657065663
1919,2019-11-01,-0.0013661030004499253
1920,2019-11-02,0.005780934070921617
1921,2019-11-03,0.008251647023993058
1922,2019-11-04,-0.009030425230754702
1923,2019-11-05,0.018980145108596247
1924,2019-11-06,-0.0011312859780492346
1925,2019-11-07,0.008019393468478242
1926,2019-11-08,-0.01657522179369586
1927,2019-11-09,-0.04282282326010112
1928,2019-11-10,0.006136374918806808
1929,2019-11-11,0.023128938787188247
1930,2019-11-12,-0.028475036043634105
1931,2019-11-13,0.005480768827641924
1932,2019-11-14,-0.00045876484829676656
1933,2019-11-15,-0.013626490361419386
1934,2019-11-16,-0.02305889972093844
1935,2019-11-17,0.003901885315260145
1936,2019-11-18,0.0014236580315323266
1937,2019-11-19,-0.03772340909557492
1938,2019-11-20,-0.011874490139748062
1939,2019-11-21,-0.006098994016012327
1940,2019-11-22,-0.05917712348896664
1941,2019-11-23,-0.04877353433542453
1942,2019-11-24,0.008734983518962736
1943,2019-11-25,-0.051353301897213655
1944,2019-11-26,0.017579370238594905
1945,2019-11-27,0.010515157704370282
1946,2019-11-28,0.037627716701916114
1947,2019-11-29,-0.005980102685352762
1948,2019-11-30,0.03375160642683106
1949,2019-12-01,-0.020154537793867888
1950,2019-12-02,-0.01670901450972906
1951,2019-12-03,-0.013151849414592576
1952,2019-12-04,-0.0036183221876076033
1953,2019-12-05,-0.010824876008424411
1954,2019-12-06,0.019621652528250877
1955,2019-12-07,0.014086013305254497
1956,2019-12-08,-0.0006070052233972945
1957,2019-12-09,0.005284888874941274
1958,2019-12-10,-0.020217789616191695
1959,2019-12-11,-0.014760882858990243
1960,2019-12-12,-0.007087390190115173
1961,2019-12-13,0.002969461738704382
1962,2019-12-14,0.004941559120535288
1963,2019-12-15,-0.022319531719000807
1964,2019-12-16,0.0058515785199180215
1965,2019-12-17,-0.03806398797962274
1966,2019-12-18,-0.052883019662132824
1967,2019-12-19,0.08401358400254821
1968,2019-12-20,-0.015861084907777823
1969,2019-12-21,0.007860633596589395
1970,2019-12-22,-0.007950698342396478
1971,2019-12-23,0.04022141438666793
1972,2019-12-24,-0.018275484494136407
1973,2019-12-25,-0.009135399249487364
1974,2019-12-26,-0.007793761209731187
1975,2019-12-27,0.0023449869099998466
1976,2019-12-28,0.006152009033575823
1977,2019-12-29,0.011367121267134905
1978,2019-12-30,0.014538539425410946
1979,2019-12-31,-0.01971122061227426
1980,2020-01-01,-0.008273244770498067
1981,2020-01-02,0.0017987927483211763
1982,2020-01-03,-0.03223815509011452
1983,2020-01-04,0.05029838031486911
1984,2020-01-05,0.005940134362370841
1985,2020-01-06,0.001190929248867434
1986,2020-01-07,0.0570934289922036
1987,2020-01-08,0.03533317621375609
1988,2020-01-09,-0.013508233334199815
1989,2020-01-10,-0.024814162142408946
1990,2020-01-11,0.041853233894306285
1991,2020-01-12,-0.007988000429447695
1992,2020-01-13,0.019189798709170702
1993,2020-01-14,-0.005772696026268065
1994,2020-01-15,0.11031628306782792
1995,2020-01-16,-0.0021528679882596435
1996,2020-01-17,-0.009553668748734978
1997,2020-01-18,0.027678441793410613
1998,2020-01-19,-0.005824135251023321
1999,2020-01-20,-0.024405178688649443
2000,2020-01-21,-0.0006890960371706001
2001,2020-01-22,0.01110747211403229
2002,2020-01-23,-0.005788580300006174
2003,2020-01-24,-0.0363231277292968
2004,2020-01-25,0.002206791105544781
2005,2020-01-26,-0.010353025745736488
2006,2020-01-27,0.032671316992612276
2007,2020-01-28,0.031313027158473616
2008,2020-01-29,0.043471823106123963
2009,2020-01-30,-0.002686069206513153
2010,2020-01-31,0.02951019877050598
2011,2020-02-01,-0.02285233544782983
2012,2020-02-02,0.007549711371103385
2013,2020-02-03,0.0021679146981075093
2014,2020-02-04,-0.00010614920563867258
2015,2020-02-05,-0.010261410002568638
2016,2020-02-06,0.0518433925975188
2017,2020-02-07,0.01784322770574498
2018,2020-02-08,0.008686232850969589
2019,2020-02-09,0.010887207135720445
2020,2020-02-10,0.02468030109328012
2021,2020-02-11,-0.022358495720020244
2022,2020-02-12,0.03462755841157161
2023,2020-02-13,0.02467290798192856
2024,2020-02-14,-0.003353889595148374
2025,2020-02-15,0.016238320757816282
2026,2020-02-16,-0.05206233370426361
2027,2020-02-17,-0.0018404826636881921
2028,2020-02-18,-0.019072641967671444
2029,2020-02-19,0.046441091380527766
2030,2020-02-20,-0.05803709933747392
2031,2020-02-21,-0.0072420339299803516
2032,2020-02-22,0.01328628994012071
2033,2020-02-23,-0.005850070347309
2034,2020-02-24,0.03398150546415124
2035,2020-02-25,-0.03413100589316187
2036,2020-02-26,-0.03789541845010547
2037,2020-02-27,-0.06841858721544725
2038,2020-02-28,-0.0005973592722519072
2039,2020-02-29,-0.005545289199977432
2040,2020-03-01,-0.02205359839812715
2041,2020-03-02,-0.0006150591588269805
2042,2020-03-03,0.043133387832822834
2043,2020-03-04,-0.01793883591919787
2044,2020-03-05,-0.0011074974591256392
2045,2020-03-06,0.02909068137907056
2046,2020-03-07,0.01912397975006641
2047,2020-03-08,-0.026245453028566956
2048,2020-03-09,-0.11128555121114836
2049,2020-03-10,-0.012433771527561532
2050,2020-03-11,0.0003557719592919284
2051,2020-03-12,-0.0024410487141093284
2052,2020-03-13,-0.44664393429464866
2053,2020-03-14,0.09701918393427356
2054,2020-03-15,-0.06107413003190665
2055,2020-03-16,0.03386619353929987
2056,2020-03-17,-0.07265142632346233
2057,2020-03-18,0.06156000605361989
2058,2020-03-19,-0.0010928974932351565
2059,2020-03-20,0.13565795209393805
2060,2020-03-21,-0.0049149298188169155
2061,2020-03-22,-0.0037366611161058216
2062,2020-03-23,-0.04954725976258523
2063,2020-03-24,0.09167047787480875
2064,2020-03-25,0.03831230786955686
2065,2020-03-26,-0.007234391306941035
2066,2020-03-27,0.014390583568038906
2067,2020-03-28,-0.0484719481473288
2068,2020-03-29,-0.02171225576194047
2069,2020-03-30,-0.04920747548023385
2070,2020-03-31,0.06985395609525291
2071,2020-04-01,0.004581159861123396
2072,2020-04-02,0.02337124510559363
2073,2020-04-03,0.0436240087462636
2074,2020-04-04,-0.008254735971972238
2075,2020-04-05,0.017482018434419544
2076,2020-04-06,-0.010050243801202896
2077,2020-04-07,0.0806590976572501
2078,2020-04-08,-0.014022166180740925
2079,2020-04-09,0.01965945686244197
2080,2020-04-10,-0.003360886156306364
2081,2020-04-11,-0.06069350103785176
2082,2020-04-12,0.0021221892322174085
2083,2020-04-13,0.0063123422484316905
2084,2020-04-14,-0.007394082377588873
2085,2020-04-15,-0.0017195279490582749
2086,2020-04-16,-0.03257926894658958
2087,2020-04-17,0.0657672565431131
2088,2020-04-18,-0.0038049171062013443
2089,2020-04-19,0.03588812157761723
2090,2020-04-20,-0.01903506531198218
2091,2020-04-21,-0.03889375704903664
2092,2020-04-22,-0.0018008178965196464
2093,2020-04-23,0.04001175396321521
2094,2020-04-24,0.03545851243952747
2095,2020-04-25,0.012686327168138334
2096,2020-04-26,0.005121261830344892
2097,2020-04-27,0.024133660106921084
2098,2020-04-28,0.008668287940219344
2099,2020-04-29,0.0026148246932944375
2100,2020-04-30,0.10704158517760654
2101,2020-05-01,0.11876241275347255
2102,2020-05-02,0.023666744096326298
2103,2020-05-03,0.014705554966742085
2104,2020-05-04,-0.011631031789606894
2105,2020-05-05,-0.007352245738424301
2106,2020-05-06,0.013388930739855809
2107,2020-05-07,0.01007627124194066
2108,2020-05-08,0.07239304462477492
2109,2020-05-09,-0.010753117866325823
2110,2020-05-10,-0.01981740097882856
2111,2020-05-11,-0.07083285536917217
2112,2020-05-12,-0.031958559177757806
2113,2020-05-13,0.020817085650756795
2114,2020-05-14,0.0017878743143526776
2115,2020-05-15,0.08417707676322017
2116,2020-05-16,-0.03874044225910467
2117,2020-05-17,0.00847162458957662
2118,2020-05-18,0.024847884317441782
2119,2020-05-19,0.010423334610059953
2120,2020-05-20,0.0006169857224342934
2121,2020-05-21,-0.030046475082066593
2122,2020-05-22,-0.02808481650992789
2123,2020-05-23,0.0077480522347475045
2124,2020-05-24,-0.0008689809515658453
2125,2020-05-25,-0.03533008054631814
2126,2020-05-26,0.011224549277880413
2127,2020-05-27,-0.0067075385334884885
2128,2020-05-28,0.07095085083868113
2129,2020-05-29,0.0004700993186865787
2130,2020-05-30,-0.00937412086613243
2131,2020-05-31,0.03602671804870461
2132,2020-06-01,-0.025568743702363506
2133,2020-06-02,0.06572505542037987
2134,2020-06-03,-0.05397276560103492
2135,2020-06-04,0.011867682164867333
2136,2020-06-05,0.010887185654469889
2137,2020-06-06,-0.012098619359711904
2138,2020-06-07,0.0027424066682240067
2139,2020-06-08,0.00594039524304435
2140,2020-06-09,0.004680242903207343
2141,2020-06-10,-0.0025489710124340093
2142,2020-06-11,0.010691884835893006
2143,2020-06-12,-0.05750936008496055
2144,2020-06-13,0.016178989008848177
2145,2020-06-14,0.0011015305095369854
2146,2020-06-15,-0.013914836519745677
2147,2020-06-16,0.006170165345917411
2148,2020-06-17,0.008460948269455315
2149,2020-06-18,-0.0033279340526295442
2150,2020-06-19,-0.007431797582020394
2151,2020-06-20,-0.010987581298417481
2152,2020-06-21,0.005652384663138221
2153,2020-06-22,-0.006878216665667125
2154,2020-06-23,0.04117525563974134
2155,2020-06-24,-0.004135748565682107
2156,2020-06-25,-0.030001409463798367
2157,2020-06-26,-0.006242063055521996
2158,2020-06-27,-0.009250489783186211
2159,2020-06-28,-0.020991126468175025
2160,2020-06-29,0.012704182669803998
2161,2020-06-30,0.0061072963837549565
2162,2020-07-01,0.0
2163,2020-07-02,0.009006795790810429
2164,2020-07-03,-0.01440240101312007
2165,2020-07-04,-0.002945892287117502
2166,2020-07-05,0.0070797011405030474
2167,2020-07-06,-0.00494077991659303
2168,2020-07-07,0.028563364403572322
2169,2020-07-08,-0.009481959233216486
2170,2020-07-09,0.019679060523426273
2171,2020-07-10,-0.02083828780309993
2172,2020-07-11,0.005000965843546368
2173,2020-07-12,-0.005287463341639764
2174,2020-07-13,0.006836114442931418
2175,2020-07-14,-0.00579495748040415
2176,2020-07-15,0.0005999423111529012
2177,2020-07-16,-0.004118019435768616
2178,2020-07-17,-0.007787428160677123
2179,2020-07-18,0.0013940397632890011
2180,2020-07-19,0.0019113606533949223
2181,2020-07-20,0.004131876861215744
2182,2020-07-21,-0.004740304124316808
2183,2020-07-22,0.02423223021017762
2184,2020-07-23,0.014891343326759454
2185,2020-07-24,0.00903914319194321
2186,2020-07-25,-0.004868183035549478
2187,2020-07-26,0.018334299127849008
2188,2020-07-27,0.023551932435250222
2189,2020-07-28,0.09694504121497793
2190,2020-07-29,-0.0050725258707924326
2191,2020-07-30,0.01843643615285373
2192,2020-07-31,0.0
2193,2020-08-01,1.7763568394002505e-15
2194,2020-08-02,0.06488391970405338
2195,2020-08-03,-0.06369594075284724
2196,2020-08-04,0.016173037627108755
2197,2020-08-05,-0.0025999712962807564
2198,2020-08-06,0.044673299753011264
2199,2020-08-07,0.0035361701782239408
2200,2020-08-08,-0.017172278960581266
2201,2020-08-09,0.014223986158860669
2202,2020-08-10,-0.004145640301286946
2203,2020-08-11,0.015136377782788202
2204,2020-08-12,-0.03756979379863168
2205,2020-08-13,0.013990444028715743
2206,2020-08-14,0.018479346245362294
2207,2020-08-15,-0.00010165688689056651
2208,2020-08-16,0.009080256827699529
2209,2020-08-17,0.0032835283224486034
2210,2020-08-18,0.02897655189017989
2211,2020-08-19,-0.024549268604433294
2212,2020-08-20,-0.020408277812304476
2213,2020-08-21,0.011377047631802029
2214,2020-08-22,-0.029998736460425945
2215,2020-08-23,0.01321036828081823
2216,2020-08-24,-0.001652836403101432
2217,2020-08-25,0.010617657246870138
2218,2020-08-26,-0.037151824774401376
2219,2020-08-27,0.009843336319079299
2220,2020-08-28,-0.014338812550624525
2221,2020-08-29,0.019715776935028018
2222,2020-08-30,-0.0025963489401252815
2223,2020-08-31,0.020669299322140233
2224,2020-09-01,0.0
2225,2020-09-02,0.028178980609414594
2226,2020-09-03,-0.05093516956191735
2227,2020-09-04,-0.11276219162882128
2228,2020-09-05,0.02856337642196749
2229,2020-09-06,-0.036115090107552206
2230,2020-09-07,0.0100705684238509
2231,2020-09-08,0.009307876460095343
2232,2020-09-09,-0.02547417534458596
2233,2020-09-10,0.011748025373393034
2234,2020-09-11,0.013987607375257838
2235,2020-09-12,0.005523600243494187
2236,2020-09-13,0.005800843698470004
2237,2020-09-14,-0.012628947808526192
2238,2020-09-15,0.031020832641480922
2239,2020-09-16,0.008304600127049255
2240,2020-09-17,0.016614026489481404
2241,2020-09-18,0.001986359215951694
2242,2020-09-19,-0.0021291877085616306
2243,2020-09-20,0.014016400662310247
2244,2020-09-21,-0.015439636218117059
2245,2020-09-22,-0.043741408909252044
2246,2020-09-23,0.005178667362622846
2247,2020-09-24,-0.030617069967872723
2248,2020-09-25,0.04963906215001934
2249,2020-09-26,-0.0038155321855786184
2250,2020-09-27,0.0055316539727030545
2251,2020-09-28,0.0030365775925798033
2252,2020-09-29,-0.007769985427952264
2253,2020-09-30,0.01427437639548046
2254,2020-10-01,0.0
2255,2020-10-02,-0.013813783631865917
2256,2020-10-03,-0.0055535332684684136
2257,2020-10-04,-0.0021702107686145666
2258,2020-10-05,0.0120463560034203
2259,2020-10-06,0.009902992633161745
2260,2020-10-07,-0.017088523935475664
2261,2020-10-08,0.006291932230089614
2262,2020-10-09,0.019860973529249648
2263,2020-10-10,0.017205913999188027
2264,2020-10-11,0.021119127426837636
2265,2020-10-12,0.007317641311201939
2266,2020-10-13,0.01456976480783645
2267,2020-10-14,-0.010262830293321201
2268,2020-10-15,0.00048048826593038996
2269,2020-10-16,0.0047635717948093514
2270,2020-10-17,-0.014253680145356995
2271,2020-10-18,0.002157750602281183
2272,2020-10-19,0.011532059509036685
2273,2020-10-20,0.020653075824508704
2274,2020-10-21,0.0117588553266188
2275,2020-10-22,0.07041888012009245
2276,2020-10-23,0.016532031360172894
2277,2020-10-24,-0.003076015494659856
2278,2020-10-25,0.013032913731466422
2279,2020-10-26,-0.006320134884077788
2280,2020-10-27,0.0019512989495442667
2281,2020-10-28,0.04286384720564307
2282,2020-10-29,-0.029656270340987945
2283,2020-10-30,0.01478666771660997
2284,2020-10-31,0.004499219919216202
2285,2020-11-01,0.017305123463305705
2286,2020-11-02,-0.003276713015180732
2287,2020-11-03,-0.012383390195157773
2288,2020-11-04,0.030420168763853894
2289,2020-11-05,0.007774221879357057
2290,2020-11-06,0.0958916256725253
2291,2020-11-07,0.004607947327706086
2292,2020-11-08,-0.04870739068799246
2293,2020-11-09,0.04400010685911049
2294,2020-11-10,-0.010379628158576182
2295,2020-11-11,-0.0031037924457795185
2296,2020-11-12,0.027659639788438994
2297,2020-11-13,0.03337284723363432
2298,2020-11-14,0.00465347611969591
2299,2020-11-15,-0.01486383779527145
2300,2020-11-16,-0.007468616563228281
2301,2020-11-17,0.04406264655075276
2302,2020-11-18,0.05463773346286871
2303,2020-11-19,0.00953078637506799
2304,2020-11-20,-0.001237538372441449
2305,2020-11-21,0.045462056535455986
2306,2020-11-22,0.00630188755904193
2307,2020-11-23,-0.01160596833204508
2308,2020-11-24,-0.00039479578293288853
2309,2020-11-25,0.037797456273914065
2310,2020-11-26,-0.01918994571540722
2311,2020-11-27,-0.09041612105263042
2312,2020-11-28,0.0002612019945829047
2313,2020-11-29,0.03378990116302205
2314,2020-11-30,0.024085557136423574
2315,2020-12-01,0.07778261670814857
2316,2020-12-02,-0.04020255150255991
2317,2020-12-03,0.019584996794195675
2318,2020-12-04,0.011999119916287881
2319,2020-12-05,-0.03771335609951976
2320,2020-12-06,0.02176612250451626
2321,2020-12-07,0.010034088816587072
2322,2020-12-08,-0.006393389265509697
2323,2020-12-09,-0.04690432236376019
2324,2020-12-10,0.013066559809034928
2325,2020-12-11,-0.014791738361232376
2326,2020-12-12,-0.013564210048604863
2327,2020-12-13,0.040079774278103386
2328,2020-12-14,0.018761896601908745
2329,2020-12-15,0.0051663749024069006
2330,2020-12-16,0.007657254306002059
2331,2020-12-17,0.09356082397628818
2332,2020-12-18,0.06479341232188318
2333,2020-12-19,0.013791558722237696
2334,2020-12-20,0.030950302280261965
2335,2020-12-21,-0.01507141466463402
2336,2020-12-22,-0.02967232563768185
2337,2020-12-23,0.039631968819342944
2338,2020-12-24,-0.02227363353002154
2339,2020-12-25,0.02050464238461558
2340,2020-12-26,0.036493074787481206
2341,2020-12-27,0.06870383896388788
2342,2020-12-28,0.00510782257930309
2343,2020-12-29,0.02147927112570791
2344,2020-12-30,0.011401147306225212
2345,2020-12-31,0.049212472933225726
2346,2021-01-01,0.0057637235190419744
2347,2021-01-02,0.010855228622924429
2348,2021-01-03,0.09040480649682259
2349,2021-01-04,0.03199388763115962
2350,2021-01-05,-0.04367424015701893
2351,2021-01-06,0.07811919990816918
2352,2021-01-07,0.07522886282354335
2353,2021-01-08,0.0721637569148399
2354,2021-01-09,0.030563860734408976
2355,2021-01-10,-0.010293695744728382
2356,2021-01-11,-0.04705848142848623
2357,2021-01-12,-0.07609139742455007
2358,2021-01-13,-0.05159220909425599
2359,2021-01-14,0.09993915891773497
2360,2021-01-15,0.047076839239917234
2361,2021-01-16,-0.06307433405239671
2362,2021-01-17,-0.011699048243363208
2363,2021-01-18,-0.0031904205997488333
2364,2021-01-19,0.015027958690609466
2365,2021-01-20,-0.011830874592648755
2366,2021-01-21,-0.01365097315018815
2367,2021-01-22,-0.14232817462940162
2368,2021-01-23,0.06412376753165994
2369,2021-01-24,-0.02595322492306984
2370,2021-01-25,0.010985303125874424
2371,2021-01-26,0.0012828707991143773
2372,2021-01-27,0.007348322808553576
2373,2021-01-28,-0.06895135313635947
2374,2021-01-29,0.08394628455968345
2375,2021-01-30,0.030566919030228235
2376,2021-01-31,0.001764820064209971
2377,2021-02-01,-0.03490728006961774
2378,2021-02-02,0.012273172439769553
2379,2021-02-03,0.06303454869940417
2380,2021-02-04,0.05328806105295847
2381,2021-02-05,-0.014140523864407228
2382,2021-02-06,0.03060705014761389
2383,2021-02-07,0.033127399276752456
2384,2021-02-08,-0.013933090895196898
2385,2021-02-09,0.17049643250676105
2386,2021-02-10,0.006404656520031082
2387,2021-02-11,-0.031241554563127494
2388,2021-02-12,0.05705631112242315
2389,2021-02-13,-0.008986429689665343
2390,2021-02-14,-0.007162014753243184
2391,2021-02-15,0.03291604799032655
2392,2021-02-16,-0.014677358009391739
2393,2021-02-17,0.02643542797696341
2394,2021-02-18,0.056293960284310884
2395,2021-02-19,-0.005317636574092788
2396,2021-02-20,0.0773250483274932
2397,2021-02-21,0.004872959517703279
2398,2021-02-22,0.022699127329564917
2399,2021-02-23,-0.06153696407711884
2400,2021-02-24,-0.11346095405931678
2401,2021-02-25,0.02748907105264209
2402,2021-02-26,-0.06035879153435708
2403,2021-02-27,-0.00775816189645262
2404,2021-02-28,0.0009004980012186081
2405,2021-03-01,-0.03620070299315792
2406,2021-03-02,0.10129772793094638
2407,2021-03-03,-0.02557295550539962
2408,2021-03-04,0.04114920953233536
2409,2021-03-05,-0.03667295243054092
2410,2021-03-06,0.0025954796699032556
2411,2021-03-07,0.008916606752704226
2412,2021-03-08,0.040872806838684994
2413,2021-03-09,0.02164156564864861
2414,2021-03-10,0.043744084840900754
2415,2021-03-11,0.02227808312683699
2416,2021-03-12,0.03004455997859168
2417,2021-03-13,-0.008602875850943548
2418,2021-03-14,0.06878610541638608
2419,2021-03-15,-0.029779760908200004
2420,2021-03-16,-0.05687861206191158
2421,2021-03-17,0.01017870130123022
2422,2021-03-18,0.036836251259360964
2423,2021-03-19,-0.018644253082390705
2424,2021-03-20,0.005965019094231749
2425,2021-03-21,0.0029195132514754363
2426,2021-03-22,-0.01454953147553617
2427,2021-03-23,-0.05117130942957182
2428,2021-03-24,-0.0035068453819793177
2429,2021-03-25,-0.00018481421996696668
2430,2021-03-26,-0.05864371133290547
2431,2021-03-27,0.06849407082143166
2432,2021-03-28,0.014316585932395043
2433,2021-03-29,-0.0033007029564569024
2434,2021-03-30,0.03606401389178693
2435,2021-03-31,0.01771144803926994
2436,2021-04-01,0.004084997937471968
2437,2021-04-02,0.0016001878037581463
2438,2021-04-03,0.0073707203250492626
2439,2021-04-04,-0.03393600462268509
2440,2021-04-05,0.019241125045379448
2441,2021-04-06,0.008558783216388477
2442,2021-04-07,-0.009563916894579805
2443,2021-04-08,-0.033035614567086924
2444,2021-04-09,0.0313998524621546
2445,2021-04-10,0.002008099341161085
2446,2021-04-11,0.028063300596436136
2447,2021-04-12,0.0041957376296970494
2448,2021-04-13,-0.001270789689430174
2449,2021-04-14,0.06022866697744789
2450,2021-04-15,-0.00899018919977479
2451,2021-04-16,0.006448401283371652
2452,2021-04-17,-0.02629962832047461
2453,2021-04-18,-0.021511058977743858
2454,2021-04-19,-0.06511623117253507
2455,2021-04-20,-0.011027179350843852
2456,2021-04-21,0.014616952153444274
2457,2021-04-22,-0.038168175846582386
2458,2021-04-23,-0.03861032484011062
2459,2021-04-24,-0.015444540926987216
2460,2021-04-25,-0.022876802968502474
2461,2021-04-26,-0.020122554287310024
2462,2021-04-27,0.0963512197625569
2463,2021-04-28,0.020472391657245126
2464,2021-04-29,-0.0007853612740138516
2465,2021-04-30,-0.020288587745346476
2466,2021-05-01,0.07226062711571224
2467,2021-05-02,0.0028334129544127507
2468,2021-05-03,-0.019665503595135192
2469,2021-05-04,0.02260519950649531
2470,2021-05-05,-0.06533762331407011
2471,2021-05-06,0.06956757641545863
2472,2021-05-07,-0.012890877050192984
2473,2021-05-08,0.0134200336244934
2474,2021-05-09,0.031304819310481236
2475,2021-05-10,-0.007302508186571188
2476,2021-05-11,-0.03592241083684655
2477,2021-05-12,0.021214683954760005
2478,2021-05-13,-0.11891531006410538
2479,2021-05-14,-0.01522650045097862
2480,2021-05-15,0.011529023486762213
2481,2021-05-16,-0.07119380647504414
2482,2021-05-17,-0.006503429921977499
2483,2021-05-18,-0.0642549725553927
2484,2021-05-19,-0.01807381116145379
2485,2021-05-20,-0.1528271037837179
2486,2021-05-21,0.08520962804863608
2487,2021-05-22,-0.08923054492058213
2488,2021-05-23,0.0005575212543096342
2489,2021-05-24,-0.07246310699522773
2490,2021-05-25,0.11009637350037949
2491,2021-05-26,-0.007788736345977654
2492,2021-05-27,0.034751622151620865
2493,2021-05-28,-0.022425627374300205
2494,2021-05-29,-0.08271975889133287
2495,2021-05-30,-0.024314094952192278
2496,2021-05-31,0.02313564267320878
2497,2021-06-01,0.05627556687976032
2498,2021-06-02,-0.01633673597296159
2499,2021-06-03,0.023963802430616354
2500,2021-06-04,0.042527714103018255
2501,2021-06-05,-0.059067692565793806
2502,2021-06-06,-0.040679600375378655
2503,2021-06-07,0.016664178113009243
2504,2021-06-08,-0.06538704172349874
2505,2021-06-09,4.295314381153048e-05
2506,2021-06-10,0.1012317107010432
2507,2021-06-11,-0.024394454930927623
2508,2021-06-12,-0.0003255986845829284
2509,2021-06-13,-0.034757548025952545
2510,2021-06-14,0.08635609142286427
2511,2021-06-15,0.035174674370074044
2512,2021-06-16,-0.0061079982626139895
2513,2021-06-17,-0.05622465874305149
2514,2021-06-18,-0.002332547117482875
2515,2021-06-19,-0.05946255043344273
2516,2021-06-20,-0.012276453004274046
2517,2021-06-21,0.009104677421028384
2518,2021-06-22,-0.11991795664612148
2519,2021-06-23,0.0076982853611440305
2520,2021-06-24,0.04280374317533919
2521,2021-06-25,0.02652989494277236
2522,2021-06-26,-0.0818469057767679
2523,2021-06-27,-0.00018981477129820234
2524,2021-06-28,0.078991363169445
2525,2021-06-29,0.005506036168361206
2526,2021-06-30,0.04019255262303645
2527,2021-07-01,-0.011519335052797786
2528,2021-07-02,-0.05019513254017838
2529,2021-07-03,0.007063626518743149
2530,2021-07-04,0.026741938371580787
2531,2021-07-05,0.023604820189714104
2532,2021-07-06,-0.042579893819139514
2533,2021-07-07,0.012407569237421257
2534,2021-07-08,-0.005681332747425216
2535,2021-07-09,-0.03700129048712952
2536,2021-07-10,0.027910274147776803
2537,2021-07-11,-0.008485506570600876
2538,2021-07-12,0.016102321795571584
2539,2021-07-13,-0.0334755382077514
2540,2021-07-14,-0.020572241102994937
2541,2021-07-15,0.008374999125901894
2542,2021-07-16,-0.035373817339950264
2543,2021-07-17,-0.013136813858888985
2544,2021-07-18,0.007912767434696377
2545,2021-07-19,0.007966133619486726
2546,2021-07-20,-0.030844600657726318
2547,2021-07-21,-0.030942579490327304
2548,2021-07-22,0.07835646875353675
2549,2021-07-23,0.005196534536986874
2550,2021-07-24,0.033656964377556164
2551,2021-07-25,0.023483295255580572
2552,2021-07-26,0.031195581333248512
2553,2021-07-27,0.048381905195988395
2554,2021-07-28,0.0393451699348617
2555,2021-07-29,0.022826116211742686
2556,2021-07-30,0.003623528018930955
2557,2021-07-31,0.04435948467287787
2558,2021-08-01,0.001702927007714905
2559,2021-08-02,-0.04122408250928977
2560,2021-08-03,-0.007385900108443977
2561,2021-08-04,-0.024756809803227142
2562,2021-08-05,0.04161915727070209
2563,2021-08-06,0.02850582114393241
2564,2021-08-07,0.04155203119580797
2565,2021-08-08,0.04795083788125609
2566,2021-08-09,-0.02327258126607923
2567,2021-08-10,0.044714434643159606
